,Composition,ElemSortAMU,GBTPredict,AWEMLPredict,lnPeqo,dH,dS
0,Al1 Cr1 Ta1 Zr1,AlCrZrTa,SS,SS,-8.8587401035635,50.78428627410797,89.29650218409235
1,Al1 Cr1 Ta1 Ti1,AlTiCrTa,SS,SS,-6.1878661373948045,45.727561877737266,91.08585458388724
2,Al1 Cr1 Ta1 Mo1,AlCrMoTa,SS,SS,-4.858468954447434,35.759529012796214,83.66688176061743
3,Al1 Cr1 Ta1 V1,AlVCrTa,SS,SS,-3.988029827753939,35.60584466974362,87.33499118063519
4,Al1 Cr1 Ta1 Pd1,AlCrPdTa,SS,SS,-5.003804375656966,38.82936615092423,92.36966860134383
5,Al1 Cr1 Ta1 Nb1,AlCrNbTa,SS,SS,-6.430290094052659,43.4101994453282,88.36768100353095
6,Al1 Cr1 Ta1 Hf1,AlCrHfTa,SS,SS,-7.6527479293688785,47.94289423789592,88.43790857246258
7,Al1 Cr1 Zr1 Ti1,AlTiCrZr,IM,IM,-9.971237598334485,55.29006318272121,109.33043616113727
8,Al1 Cr1 Zr1 Mo1,AlCrZrMo,SS+IM,IM,-2.815825996709082,33.175339570781006,87.39428213944818
9,Al1 Cr1 Zr1 V1,AlVCrZr,IM,SS,-4.31481643078309,48.64644768028642,110.46604677447904
10,Al1 Cr1 Zr1 Pd1,AlCrZrPd,SS+IM,SS,-3.015451262312593,41.20157720617226,110.40059180539895
11,Al1 Cr1 Zr1 Nb1,AlCrZrNb,SS+IM,SS+IM,-8.535749191220296,48.389743973210074,90.55868472923923
12,Al1 Cr1 Zr1 Hf1,AlCrZrHf,SS,SS,-11.193847013862577,53.44734328933291,90.14582053959366
13,Al1 Cr1 Ti1 Mo1,AlTiCrMo,SS+IM,IM,-1.7825537345812112,32.81967010597757,86.76217346850233
14,Al1 Cr1 Ti1 V1,AlTiVCr,IM,SS,-1.9635398526723846,40.78380509459327,122.85679396423464
15,Al1 Cr1 Ti1 Pd1,AlTiCrPd,SS+IM,SS,-2.801337273988178,39.97218308604174,114.79751114403562
16,Al1 Cr1 Ti1 Nb1,AlTiCrNb,SS+IM,SS+IM,-2.9401874807769923,41.38347375234367,97.50149486997304
17,Al1 Cr1 Ti1 Hf1,AlTiCrHf,SS,SS,-9.163818626078822,53.18876770069662,90.47848118008335
18,Al1 Cr1 Mo1 V1,AlVCrMo,IM,IM,-1.195666939328001,27.349413355604423,83.62304764554327
19,Al1 Cr1 Mo1 Pd1,AlCrMoPd,SS+IM,IM,-3.177351693851783,32.59174461743193,81.0826071644742
20,Al1 Cr1 Mo1 Nb1,AlCrNbMo,SS,IM,-1.8854992940059956,29.840017948207613,82.78503697966872
21,Al1 Cr1 Mo1 Hf1,AlCrMoHf,SS,SS,-4.497323343961086,33.65807836796208,87.47936548458547
22,Al1 Cr1 V1 Pd1,AlVCrPd,SS+IM,SS,-2.084150260086711,36.49840815333723,112.88237074140805
23,Al1 Cr1 V1 Nb1,AlVCrNb,SS+IM,IM,-1.5921715792001123,32.47708419341694,89.23733784777566
24,Al1 Cr1 V1 Hf1,AlVCrHf,SS,SS,-6.288401786032967,45.8844773798091,88.76675705814134
25,Al1 Cr1 Pd1 Nb1,AlCrNbPd,SS+IM,SS,-3.364566628609492,38.31266017577968,90.31401130381236
26,Al1 Cr1 Pd1 Hf1,AlCrPdHf,SS,SS,-4.797750922375061,38.54023418943324,94.13908731452702
27,Al1 Cr1 Nb1 Hf1,AlCrNbHf,SS,SS,-8.368766694003419,48.85150312857637,92.59917737321481
28,Al1 Ta1 Zr1 Ti1,AlTiZrTa,SS,SS,-11.1589622310876,53.7236629463362,85.7866943081781
29,Al1 Ta1 Zr1 Mo1,AlZrMoTa,SS,SS,-2.5850323799596264,36.220734268074665,82.23393481192267
30,Al1 Ta1 Zr1 V1,AlVZrTa,SS,SS,-9.453381941104553,51.928441633188775,87.21216134334598
31,Al1 Ta1 Zr1 Pd1,AlZrPdTa,SS,SS,-3.778587530350874,38.62290938454293,95.18545093244798
32,Al1 Ta1 Zr1 Nb1,AlZrNbTa,SS,SS,-8.99818524323476,51.682764427016195,88.66527515325966
33,Al1 Ta1 Zr1 Hf1,AlZrHfTa,SS,SS,-10.489662945085497,51.27432152341229,87.3615597420334
34,Al1 Ta1 Ti1 Mo1,AlTiMoTa,SS,SS,-4.050982136412268,40.943232433847584,81.93264485273264
35,Al1 Ta1 Ti1 V1,AlTiVTa,SS,SS,-7.355630003686763,49.42823024190224,91.72844770146492
36,Al1 Ta1 Ti1 Pd1,AlTiPdTa,SS,SS,-5.377594109695618,41.426511440767435,94.50516543388743
37,Al1 Ta1 Ti1 Nb1,AlTiNbTa,SS,SS,-6.825224436869134,51.62603126124469,93.51124199985227
38,Al1 Ta1 Ti1 Hf1,AlTiHfTa,SS,SS,-10.020305158885618,51.60511617075583,85.16583738450154
39,Al1 Ta1 Mo1 V1,AlVMoTa,SS,SS,-5.494409998413485,36.343536295471864,81.72269925932748
40,Al1 Ta1 Mo1 Pd1,AlMoPdTa,SS,SS,-3.609225809145949,36.04687089139816,85.53826925584139
41,Al1 Ta1 Mo1 Nb1,AlNbMoTa,SS,SS,-3.471020316196727,37.58442629058345,81.99537573243276
42,Al1 Ta1 Mo1 Hf1,AlMoHfTa,SS,SS,-2.4112662919146417,35.40064626292254,83.14975171849184
43,Al1 Ta1 V1 Pd1,AlVPdTa,SS,SS,-5.323253018533467,39.10376606266648,92.94886875373616
44,Al1 Ta1 V1 Nb1,AlVNbTa,SS,SS,-6.337238503758647,49.61926796657806,95.03734966273959
45,Al1 Ta1 V1 Hf1,AlVHfTa,SS,SS,-8.239494045512274,49.657268866297734,86.06397224676456
46,Al1 Ta1 Pd1 Nb1,AlNbPdTa,SS,SS,-3.761503683373611,40.90322304635061,94.37379221502238
47,Al1 Ta1 Pd1 Hf1,AlPdHfTa,SS,SS,-2.6416265934328718,36.03788683987799,94.77610521032588
48,Al1 Ta1 Nb1 Hf1,AlNbHfTa,SS,SS,-8.046808550559899,49.6172973273624,88.6582171309187
49,Al1 Zr1 Ti1 Mo1,AlTiZrMo,SS,SS,-4.832613778805577,36.634939231193584,83.76612869353563
50,Al1 Zr1 Ti1 V1,AlTiVZr,IM,IM,-10.539611678048127,56.57387925279261,103.21753472844809
51,Al1 Zr1 Ti1 Pd1,AlTiZrPd,SS+IM,SS,-5.785911887368463,43.60493049979533,111.35560167495615
52,Al1 Zr1 Ti1 Nb1,AlTiZrNb,SS,SS,-11.76115457172589,53.34193402472661,84.08801462696384
53,Al1 Zr1 Ti1 Hf1,AlTiZrHf,SS,SS,-10.983998806407136,54.0706556986859,127.25845931698025
54,Al1 Zr1 Mo1 V1,AlVZrMo,SS,SS,-3.1878865330663215,36.10522905669435,82.01013001926108
55,Al1 Zr1 Mo1 Pd1,AlZrMoPd,SS,SS,-2.4551525906288005,34.661428703655616,85.74547569971045
56,Al1 Zr1 Mo1 Nb1,AlZrNbMo,SS+IM,SS,-3.212306673169321,34.83809270624654,83.83614877320389
57,Al1 Zr1 Mo1 Hf1,AlZrMoHf,SS,SS,-7.067397176590074,41.613957411682165,88.73472819722024
58,Al1 Zr1 V1 Pd1,AlVZrPd,SS+IM,IM,-3.9397228070454573,42.106039344918685,110.1005833698634
59,Al1 Zr1 V1 Nb1,AlVZrNb,SS,SS,-9.06869546682423,51.31339083965857,88.13581896333542
60,Al1 Zr1 V1 Hf1,AlVZrHf,SS,SS,-11.14805336000125,53.765044304608466,86.34519710307967
61,Al1 Zr1 Pd1 Nb1,AlZrNbPd,SS,SS,-4.022943150340308,38.71951444678182,95.17604982947653
62,Al1 Zr1 Pd1 Hf1,AlZrPdHf,SS,SS,-7.836959224487157,46.15253768845191,97.52339040183446
63,Al1 Zr1 Nb1 Hf1,AlZrNbHf,SS,SS,-11.11064439620339,54.31628000420844,90.03849965564504
64,Al1 Ti1 Mo1 V1,AlTiVMo,SS,SS,-2.4901017796672122,36.50149558686682,81.92181391258683
65,Al1 Ti1 Mo1 Pd1,AlTiMoPd,SS,SS,-2.794288554349949,36.18457928722089,83.76205298135751
66,Al1 Ti1 Mo1 Nb1,AlTiNbMo,SS,SS,-3.9924060100844425,38.679722721628146,81.96276084531216
67,Al1 Ti1 Mo1 Hf1,AlTiMoHf,SS,SS,-4.604565972538842,38.20182689345198,86.15528336150801
68,Al1 Ti1 V1 Pd1,AlTiVPd,SS,SS,-2.931797699532155,43.31302145109621,113.3342374018243
69,Al1 Ti1 V1 Nb1,AlTiVNb,SS,SS,-4.265124662424223,47.07579440029435,96.15156844446538
70,Al1 Ti1 V1 Hf1,AlTiVHf,SS,SS,-10.732173645032391,54.21870177225925,84.62465113951625
71,Al1 Ti1 Pd1 Nb1,AlTiNbPd,SS,SS,-3.9205813603372883,41.88904878329965,95.41993068645859
72,Al1 Ti1 Pd1 Hf1,AlTiPdHf,SS,SS,-5.157508428771251,40.023570533887636,96.02075340210988
73,Al1 Ti1 Nb1 Hf1,AlTiNbHf,SS,SS,-10.997496573486444,54.91343756310885,86.82138865718419
74,Al1 Mo1 V1 Pd1,AlVMoPd,SS,SS,-3.2311596262340285,36.124326809391604,82.7122652223337
75,Al1 Mo1 V1 Nb1,AlVNbMo,SS,IM,-3.355024309448066,35.66045591564285,82.90367483191042
76,Al1 Mo1 V1 Hf1,AlVMoHf,SS,SS,-3.038002098021025,36.74556990506078,81.9766573001429
77,Al1 Mo1 Pd1 Nb1,AlNbMoPd,SS,SS,-3.5844927272639406,35.7860736502071,83.99086727962843
78,Al1 Mo1 Pd1 Hf1,AlMoPdHf,SS,SS,-2.2303478817019227,35.57651784355436,88.09723367091566
79,Al1 Mo1 Nb1 Hf1,AlNbMoHf,SS,SS,-2.8976387568977326,34.335495408503995,82.36514434154086
80,Al1 V1 Pd1 Nb1,AlVNbPd,SS+IM,SS,-3.131859611279413,38.8343440415381,95.35056810093522
81,Al1 V1 Pd1 Hf1,AlVPdHf,SS,SS,-4.142068883814168,39.281012081219835,95.19174545941556
82,Al1 V1 Nb1 Hf1,AlVNbHf,SS,SS,-8.739748986708818,52.66831644588721,88.38474530465456
83,Al1 Pd1 Nb1 Hf1,AlNbPdHf,SS,SS,-3.523502571289958,39.163025350719856,95.89832763673225
84,Cr1 Ta1 Zr1 Ti1,TiCrZrTa,SS,SS,-11.99645744459757,56.49875928292757,84.84689818316177
85,Cr1 Ta1 Zr1 Mo1,CrZrMoTa,SS+IM,SS,-2.94170311132025,35.778306718141785,85.99230729266831
86,Cr1 Ta1 Zr1 V1,VCrZrTa,SS,SS,-7.711266838361114,52.13112769485485,90.47922128659172
87,Cr1 Ta1 Zr1 Pd1,CrZrPdTa,SS,SS,-4.750075558114047,43.426337421664286,106.02069571556478
88,Cr1 Ta1 Zr1 Nb1,CrZrNbTa,SS+IM,SS+IM,-9.858476184117873,51.88037208529408,90.63440913327435
89,Cr1 Ta1 Zr1 Hf1,CrZrHfTa,SS,SS,-11.339035237458098,55.14653583792409,86.12144316981407
90,Cr1 Ta1 Ti1 Mo1,TiCrMoTa,SS+IM,SS,-5.850067278408467,40.37926360364434,87.27960829239993
91,Cr1 Ta1 Ti1 V1,TiVCrTa,SS,SS,-5.559708232421711,47.15950036234755,95.65907154832779
92,Cr1 Ta1 Ti1 Pd1,TiCrPdTa,SS,SS,-6.162489589390462,44.57967806178039,105.20302134971931
93,Cr1 Ta1 Ti1 Nb1,TiCrNbTa,SS+IM,SS+IM,-7.368212478244701,51.011855846556216,94.5396615144698
94,Cr1 Ta1 Ti1 Hf1,TiCrHfTa,SS,SS,-10.912924946086337,54.36089341345431,86.16387577684425
95,Cr1 Ta1 Mo1 V1,VCrMoTa,SS,SS,-4.559355336972892,37.41234387353037,91.50414441032872
96,Cr1 Ta1 Mo1 Pd1,CrMoPdTa,SS+IM,SS,-2.516738908423435,34.536837774540516,90.01170567736776
97,Cr1 Ta1 Mo1 Nb1,CrNbMoTa,SS,SS,-4.113597896808544,38.13152504002794,91.94596976769529
98,Cr1 Ta1 Mo1 Hf1,CrMoHfTa,SS+IM,SS,-2.787129796626451,36.777887227112394,88.05594013186048
99,Cr1 Ta1 V1 Pd1,VCrPdTa,SS,SS,-3.49993945193244,35.53780652339429,98.30985317193876
100,Cr1 Ta1 V1 Nb1,VCrNbTa,SS,SS,-5.728668533647893,45.704752066335125,100.95093735973363
101,Cr1 Ta1 V1 Hf1,VCrHfTa,SS,SS,-7.7948839443589595,48.796554182390864,92.20501245476524
102,Cr1 Ta1 Pd1 Nb1,CrNbPdTa,SS,SS,-4.04438035986761,38.832257374824096,99.58945914692134
103,Cr1 Ta1 Pd1 Hf1,CrPdHfTa,SS,SS,-4.629927337514187,42.54275912449547,104.38833536194869
104,Cr1 Ta1 Nb1 Hf1,CrNbHfTa,SS+IM,SS+IM,-9.461295578932509,50.597359201122295,93.49754486398285
105,Cr1 Zr1 Ti1 Mo1,TiCrZrMo,SS+IM,SS+IM,-4.976458155771172,38.41371263208977,94.71676738691579
106,Cr1 Zr1 Ti1 V1,TiVCrZr,SS+IM,SS+IM,-8.006461964398095,57.44914192973168,93.45128497873515
107,Cr1 Zr1 Ti1 Pd1,TiCrZrPd,IM,SS,-6.570669886820951,46.35712460297629,112.72294004316488
108,Cr1 Zr1 Ti1 Nb1,TiCrZrNb,SS+IM,SS+IM,-12.875470914045307,60.72561725347501,90.82405229531727
109,Cr1 Zr1 Ti1 Hf1,TiCrZrHf,SS,SS,-13.772014777612325,60.07895984411425,134.4917419940998
110,Cr1 Zr1 Mo1 V1,VCrZrMo,SS+IM,SS+IM,-4.28452644297974,36.46983809066592,90.52390278333321
111,Cr1 Zr1 Mo1 Pd1,CrZrMoPd,SS+IM,IM,-3.1927519040352808,34.53005611739014,93.28795328669433
112,Cr1 Zr1 Mo1 Nb1,CrZrNbMo,SS+IM,SS+IM,-1.7108835020239352,31.224634770491843,90.77144811544292
113,Cr1 Zr1 Mo1 Hf1,CrZrMoHf,SS+IM,SS,-8.064538820211625,43.58661866443317,95.46515249465975
114,Cr1 Zr1 V1 Pd1,VCrZrPd,IM,IM,-5.848575775464937,45.071288213384335,110.6689212421045
115,Cr1 Zr1 V1 Nb1,VCrZrNb,SS+IM,SS+IM,-7.868270252479672,54.010827242613516,96.73082257474054
116,Cr1 Zr1 V1 Hf1,VCrZrHf,SS,SS,-13.31867061023045,58.048478540892546,90.41081670369672
117,Cr1 Zr1 Pd1 Nb1,CrZrNbPd,SS+IM,IM,-4.897938194574975,39.53459510864174,107.1691716364347
118,Cr1 Zr1 Pd1 Hf1,CrZrPdHf,SS,SS,-9.767408186589003,51.211916004410696,117.13289857188242
119,Cr1 Zr1 Nb1 Hf1,CrZrNbHf,SS+IM,SS+IM,-13.083622534213488,59.62530371959484,92.6163338677516
120,Cr1 Ti1 Mo1 V1,TiVCrMo,SS+IM,SS+IM,-2.994599484407935,35.10741439036435,88.77762155120395
121,Cr1 Ti1 Mo1 Pd1,TiCrMoPd,SS+IM,SS,-0.9144331969640043,32.02998358216071,92.86327603849988
122,Cr1 Ti1 Mo1 Nb1,TiCrNbMo,SS,SS+IM,-3.5666792189549597,35.20055850796005,90.34977210312685
123,Cr1 Ti1 Mo1 Hf1,TiCrMoHf,SS+IM,SS,-5.3843932378245185,38.69591352393318,93.92664199632408
124,Cr1 Ti1 V1 Pd1,TiVCrPd,SS+IM,SS,-2.7168301323977824,38.92172367503868,109.90637312652527
125,Cr1 Ti1 V1 Nb1,TiVCrNb,SS+IM,SS+IM,-4.101575268645396,46.85875451958666,112.00600969458048
126,Cr1 Ti1 V1 Hf1,TiVCrHf,SS,SS,-9.418525199543053,55.9943708209531,88.73334862479929
127,Cr1 Ti1 Pd1 Nb1,TiCrNbPd,SS+IM,SS,-4.1483342937260215,40.99924400699636,108.26772522787246
128,Cr1 Ti1 Pd1 Hf1,TiCrPdHf,SS,SS,-7.1522186103955825,48.52745368089013,117.53128450394892
129,Cr1 Ti1 Nb1 Hf1,TiCrNbHf,SS+IM,SS+IM,-12.766067742220235,58.883200230176804,90.6276327228922
130,Cr1 Mo1 V1 Pd1,VCrMoPd,SS,SS,-0.9145311443680523,28.959498152112563,85.57216412565607
131,Cr1 Mo1 V1 Nb1,VCrNbMo,SS,SS,-2.389608395683968,32.253535185921486,93.25113947647287
132,Cr1 Mo1 V1 Hf1,VCrMoHf,SS+IM,SS,-5.487221266567157,40.21916492939306,90.81869983870003
133,Cr1 Mo1 Pd1 Nb1,CrNbMoPd,SS,SS,-1.7550940576605387,32.58179099785313,87.62284026559888
134,Cr1 Mo1 Pd1 Hf1,CrMoPdHf,SS,SS,-3.467072787302663,36.74482690950554,96.1382481414994
135,Cr1 Mo1 Nb1 Hf1,CrNbMoHf,SS,SS,-2.774840499441222,36.85649204098196,92.53457104988281
136,Cr1 V1 Pd1 Nb1,VCrNbPd,SS+IM,SS,-1.6843280251056905,32.967153538447,102.63711745834595
137,Cr1 V1 Pd1 Hf1,VCrPdHf,SS,SS,-6.0918119802649064,46.91669980907459,114.84366832307785
138,Cr1 V1 Nb1 Hf1,VCrNbHf,SS+IM,SS,-8.252804668580978,52.942580637837004,98.12694831733499
139,Cr1 Pd1 Nb1 Hf1,CrNbPdHf,SS,SS,-4.641686373028486,42.35791188747546,109.56459354394403
140,Ta1 Zr1 Ti1 Mo1,TiZrMoTa,SS,SS,-8.06355107436428,48.63483195546986,91.72463201208296
141,Ta1 Zr1 Ti1 V1,TiVZrTa,SS,SS,-13.203364941510648,59.89900846367933,88.35278486766842
142,Ta1 Zr1 Ti1 Pd1,TiZrPdTa,SS,SS,-7.061121689897732,45.16786457835103,103.33394909462118
143,Ta1 Zr1 Ti1 Nb1,TiZrNbTa,SS,SS,-13.189541207888922,60.95558725007197,88.29575276570526
144,Ta1 Zr1 Ti1 Hf1,TiZrHfTa,SS,SS,-12.481965254582507,57.77639364025563,140.0666356337688
145,Ta1 Zr1 Mo1 V1,VZrMoTa,SS,SS,-2.731644988608001,37.47150580182053,91.08057794489515
146,Ta1 Zr1 Mo1 Pd1,ZrMoPdTa,SS,SS,-2.8284825283952384,38.791528097529365,95.91569107985649
147,Ta1 Zr1 Mo1 Nb1,ZrNbMoTa,SS,SS,-2.8887997391046376,39.54338267526277,92.175833799318
148,Ta1 Zr1 Mo1 Hf1,ZrMoHfTa,SS,SS,-7.279378601927632,45.31454993927449,89.63555073826178
149,Ta1 Zr1 V1 Pd1,VZrPdTa,SS,SS,-5.293854635609514,43.28839769705462,104.35420947927251
150,Ta1 Zr1 V1 Nb1,VZrNbTa,SS,SS,-10.739262587207945,55.56873706509806,89.97728460321338
151,Ta1 Zr1 V1 Hf1,VZrHfTa,SS,SS,-12.449806583905588,57.34417761913098,87.14348530592987
152,Ta1 Zr1 Pd1 Nb1,ZrNbPdTa,SS,SS,-5.032066264466215,42.73806141241168,102.95901197467616
153,Ta1 Zr1 Pd1 Hf1,ZrPdHfTa,SS,SS,-9.155721188648197,47.319693391924844,104.33586194861438
154,Ta1 Zr1 Nb1 Hf1,ZrNbHfTa,SS,SS,-13.195197676469363,57.69700540929021,90.57722271125282
155,Ta1 Ti1 Mo1 V1,TiVMoTa,SS,SS,-5.561252167438746,42.206432155396456,91.33369441819406
156,Ta1 Ti1 Mo1 Pd1,TiMoPdTa,SS,SS,-4.304069379655924,39.620130180929266,96.408471106822
157,Ta1 Ti1 Mo1 Nb1,TiNbMoTa,SS,SS,-3.7697929130862513,41.14742134373547,92.01165243768072
158,Ta1 Ti1 Mo1 Hf1,TiMoHfTa,SS,SS,-7.253846435955191,46.36706422795322,91.49133839927138
159,Ta1 Ti1 V1 Pd1,TiVPdTa,SS,SS,-7.229383953548632,46.571445061992975,105.44431531645161
160,Ta1 Ti1 V1 Nb1,TiVNbTa,SS,SS,-8.198885353745844,55.88361260132179,100.32141756039752
161,Ta1 Ti1 V1 Hf1,TiVHfTa,SS,SS,-12.158826438218846,57.66183270937255,86.27427514237847
162,Ta1 Ti1 Pd1 Nb1,TiNbPdTa,SS,SS,-5.870343092185858,45.80558092724094,105.01743277017727
163,Ta1 Ti1 Pd1 Hf1,TiPdHfTa,SS,SS,-7.620832448527339,45.18147016215094,102.97527268116718
164,Ta1 Ti1 Nb1 Hf1,TiNbHfTa,SS,SS,-12.506602997135357,58.2682401063665,88.15687267145785
165,Ta1 Mo1 V1 Pd1,VMoPdTa,SS,SS,-3.673984068624641,36.030160378183766,91.5058871690832
166,Ta1 Mo1 V1 Nb1,VNbMoTa,SS,SS,-4.7009734472103695,40.557518892674544,89.43419050833563
167,Ta1 Mo1 V1 Hf1,VMoHfTa,SS,SS,-2.801418960047165,38.29582072186486,91.89592489725825
168,Ta1 Mo1 Pd1 Nb1,NbMoPdTa,SS,SS,-3.122847620741563,35.48326936911204,90.21412411360822
169,Ta1 Mo1 Pd1 Hf1,MoPdHfTa,SS,SS,-3.1519456270786095,39.86735205000408,95.28505226413132
170,Ta1 Mo1 Nb1 Hf1,NbMoHfTa,SS,SS,-3.7702144415179637,40.12786570096671,96.50710352278459
171,Ta1 V1 Pd1 Nb1,VNbPdTa,SS,SS,-5.293280217614353,44.08875617291762,105.15921258398735
172,Ta1 V1 Pd1 Hf1,VPdHfTa,SS,SS,-5.106439301401998,43.23237690356528,103.13781293464866
173,Ta1 V1 Nb1 Hf1,VNbHfTa,SS,SS,-10.398671593576314,53.77776641826676,91.18329486732297
174,Ta1 Pd1 Nb1 Hf1,NbPdHfTa,SS,SS,-5.109083651295544,42.3632601943106,102.71375693285236
175,Zr1 Ti1 Mo1 V1,TiVZrMo,SS,SS,-6.295161785923746,45.369690063137945,93.74884796896687
176,Zr1 Ti1 Mo1 Pd1,TiZrMoPd,SS,SS,-5.7949139148168,42.003901348351604,107.84185245236985
177,Zr1 Ti1 Mo1 Nb1,TiZrNbMo,SS,SS,-5.567736981484451,47.610799108675884,96.38915592329096
178,Zr1 Ti1 Mo1 Hf1,TiZrMoHf,SS,SS,-9.02832880864146,50.69993678846655,127.44327077572245
179,Zr1 Ti1 V1 Pd1,TiVZrPd,SS,IM,-8.474630756920208,47.13116522055523,113.30034687405048
180,Zr1 Ti1 V1 Nb1,TiVZrNb,SS,SS,-15.844283169249145,65.07326650418139,92.06719961569642
181,Zr1 Ti1 V1 Hf1,TiVZrHf,SS,SS,-14.514906949930555,61.89012955891711,138.44585288306942
182,Zr1 Ti1 Pd1 Nb1,TiZrNbPd,SS,SS,-7.718001353292365,46.65813610094234,110.66743548096541
183,Zr1 Ti1 Pd1 Hf1,TiZrPdHf,SS,SS,-10.504528259719482,53.88701975953871,147.56836786625217
184,Zr1 Ti1 Nb1 Hf1,TiZrNbHf,SS,SS,-14.100489141774492,61.73237554743303,140.5093302348715
185,Zr1 Mo1 V1 Pd1,VZrMoPd,SS,SS,-3.3420375081812423,38.61167981745902,99.48015247480285
186,Zr1 Mo1 V1 Nb1,VZrNbMo,SS,SS,-3.013311120877361,36.757497863753464,95.50374995451534
187,Zr1 Mo1 V1 Hf1,VZrMoHf,SS,SS,-8.882082671406343,50.12517031342994,93.398823932985
188,Zr1 Mo1 Pd1 Nb1,ZrNbMoPd,SS+IM,IM,-2.117626408275422,32.69344809164978,98.63336027997437
189,Zr1 Mo1 Pd1 Hf1,ZrMoPdHf,SS,SS,-5.843887502437361,43.033229278149655,109.74319521510087
190,Zr1 Mo1 Nb1 Hf1,ZrNbMoHf,SS,SS,-8.667831416468296,49.97373287169576,96.0932205226244
191,Zr1 V1 Pd1 Nb1,VZrNbPd,SS,SS,-5.953921504016686,45.05682507924931,111.40264844089921
192,Zr1 V1 Pd1 Hf1,VZrPdHf,SS,SS,-10.28987015839765,53.28752565290239,113.83539450822337
193,Zr1 V1 Nb1 Hf1,VZrNbHf,SS,SS,-14.385484306659915,62.34937370836519,90.83149947115598
194,Zr1 Pd1 Nb1 Hf1,ZrNbPdHf,SS,SS,-9.977954423439105,51.89203418258323,109.7118168501088
195,Ti1 Mo1 V1 Pd1,TiVMoPd,SS,SS,-4.24834426871594,40.80067578995734,98.21920153236394
196,Ti1 Mo1 V1 Nb1,TiVNbMo,SS,SS,-4.6928504956124195,42.025175201661675,95.56282979480858
197,Ti1 Mo1 V1 Hf1,TiVMoHf,SS,SS,-6.0185258354733175,44.13729575357082,91.6158205008297
198,Ti1 Mo1 Pd1 Nb1,TiNbMoPd,SS,SS,-3.476811567212536,34.15275449640861,95.07003770693218
199,Ti1 Mo1 Pd1 Hf1,TiMoPdHf,SS,SS,-5.074414614638957,41.142959095761064,106.60634513871192
200,Ti1 Mo1 Nb1 Hf1,TiNbMoHf,SS,SS,-5.844707897146101,44.36400343443895,95.43019121217529
201,Ti1 V1 Pd1 Nb1,TiVNbPd,SS,SS,-6.238675386726925,48.08852299933483,113.74863714701569
202,Ti1 V1 Pd1 Hf1,TiVPdHf,SS,SS,-7.769152369525193,48.13021373247519,113.54157197451418
203,Ti1 V1 Nb1 Hf1,TiVNbHf,SS,SS,-14.453553200379993,62.4071636740544,89.6521383620886
204,Ti1 Pd1 Nb1 Hf1,TiNbPdHf,SS,SS,-7.399023496712525,46.77083479801502,106.77364604211321
205,Mo1 V1 Pd1 Nb1,VNbMoPd,SS,SS,-3.6397724709703665,34.364013718495315,88.56419344590924
206,Mo1 V1 Pd1 Hf1,VMoPdHf,SS,SS,-4.044516781281857,41.59414752247869,101.50487225984737
207,Mo1 V1 Nb1 Hf1,VNbMoHf,SS,SS,-3.7878728204356658,40.519588679330376,96.86965166003871
208,Mo1 Pd1 Nb1 Hf1,NbMoPdHf,SS,SS,-2.851264017503155,36.353259444633274,98.74293431031147
209,V1 Pd1 Nb1 Hf1,VNbPdHf,SS,SS,-5.721005695953832,46.54873371025235,110.26024282112839
210,Al1 Cr1 Ta1 Zr1 Ti1,AlTiCrZrTa,SS,SS,-9.289340444834968,53.499233053966435,88.54405179305374
211,Al1 Cr1 Ta1 Zr1 Mo1,AlCrZrMoTa,SS,SS,-4.258171440328833,37.96172541226014,82.61077851974353
212,Al1 Cr1 Ta1 Zr1 V1,AlVCrZrTa,SS,SS,-7.4548264754196705,47.460741410873354,87.78634266927313
213,Al1 Cr1 Ta1 Zr1 Pd1,AlCrZrPdTa,SS,SS,-3.208209422573171,37.86264685976722,95.59525144939549
214,Al1 Cr1 Ta1 Zr1 Nb1,AlCrZrNbTa,SS,SS,-8.281312143810942,49.33753101661446,89.5058320778142
215,Al1 Cr1 Ta1 Zr1 Hf1,AlCrZrHfTa,SS,SS,-9.224990302178366,52.230093052370016,89.15928249694271
216,Al1 Cr1 Ta1 Ti1 Mo1,AlTiCrMoTa,SS,SS,-5.443222918500417,36.90542960390062,82.07841396661352
217,Al1 Cr1 Ta1 Ti1 V1,AlTiVCrTa,SS,SS,-4.187172782977551,41.100362419089684,88.99774026170473
218,Al1 Cr1 Ta1 Ti1 Pd1,AlTiCrPdTa,SS,SS,-5.68908330288578,40.11919821176456,94.43323750771583
219,Al1 Cr1 Ta1 Ti1 Nb1,AlTiCrNbTa,SS,SS,-7.048981522796885,45.485080342877765,92.36380833748916
220,Al1 Cr1 Ta1 Ti1 Hf1,AlTiCrHfTa,SS,SS,-9.047714963887628,52.405323416961,87.77692209701503
221,Al1 Cr1 Ta1 Mo1 V1,AlVCrMoTa,SS,SS,-4.236899231501705,36.12328258671974,82.57146981607764
222,Al1 Cr1 Ta1 Mo1 Pd1,AlCrMoPdTa,SS,SS,-4.444677285744211,37.19490627741835,85.12522498284147
223,Al1 Cr1 Ta1 Mo1 Nb1,AlCrNbMoTa,SS,SS,-4.468321140290463,35.32980965935969,82.91668680382537
224,Al1 Cr1 Ta1 Mo1 Hf1,AlCrMoHfTa,SS,SS,-3.744148691780368,36.77812497540382,83.19643491281414
225,Al1 Cr1 Ta1 V1 Pd1,AlVCrPdTa,SS,SS,-5.1738206698952744,37.285163124697185,93.60614127567784
226,Al1 Cr1 Ta1 V1 Nb1,AlVCrNbTa,SS,SS,-5.700942141427899,40.82427528971328,90.39993587365181
227,Al1 Cr1 Ta1 V1 Hf1,AlVCrHfTa,SS,SS,-7.077137379488177,44.79158898409415,86.76997370456431
228,Al1 Cr1 Ta1 Pd1 Nb1,AlCrNbPdTa,SS,SS,-4.657654207022215,40.045750328509676,92.461357420854
229,Al1 Cr1 Ta1 Pd1 Hf1,AlCrPdHfTa,SS,SS,-3.088268287472176,35.92872907979253,95.52178225710624
230,Al1 Cr1 Ta1 Nb1 Hf1,AlCrNbHfTa,SS,SS,-7.404101808017772,47.27065049843222,88.70588282712914
231,Al1 Cr1 Zr1 Ti1 Mo1,AlTiCrZrMo,IM,IM,-4.119717406204877,37.99016739252976,82.24599947217806
232,Al1 Cr1 Zr1 Ti1 V1,AlTiVCrZr,IM,IM,-5.443627413163406,52.10618705627418,107.51949149302195
233,Al1 Cr1 Zr1 Ti1 Pd1,AlTiCrZrPd,SS+IM,SS,-3.5134194459167416,44.3604925284092,112.81661409574845
234,Al1 Cr1 Zr1 Ti1 Nb1,AlTiCrZrNb,IM,SS+IM,-9.187660509065509,49.92678900317337,88.42328764884407
235,Al1 Cr1 Zr1 Ti1 Hf1,AlTiCrZrHf,SS,SS,-11.251335377650184,54.654239539954474,89.02279762215514
236,Al1 Cr1 Zr1 Mo1 V1,AlVCrZrMo,IM,IM,-2.5482064235189337,35.51255688138757,78.7155848952287
237,Al1 Cr1 Zr1 Mo1 Pd1,AlCrZrMoPd,SS+IM,IM,-2.1317456997488184,34.22502504814583,82.40343787901966
238,Al1 Cr1 Zr1 Mo1 Nb1,AlCrZrNbMo,SS+IM,IM,-3.90268368924187,36.731881346567796,82.55900716435002
239,Al1 Cr1 Zr1 Mo1 Hf1,AlCrZrMoHf,SS,SS,-6.1451945807055735,39.79468120014997,88.1473249914131
240,Al1 Cr1 Zr1 V1 Pd1,AlVCrZrPd,SS+IM,SS,-2.594396744485785,41.30656191807787,109.49505439032446
241,Al1 Cr1 Zr1 V1 Nb1,AlVCrZrNb,IM,IM,-6.126479053232862,48.6334576536758,90.3876473985119
242,Al1 Cr1 Zr1 V1 Hf1,AlVCrZrHf,SS,SS,-9.664212860134834,53.41613807785947,88.83616021543607
243,Al1 Cr1 Zr1 Pd1 Nb1,AlCrZrNbPd,SS+IM,IM,-4.122623143863987,40.1624990196862,94.53324918694143
244,Al1 Cr1 Zr1 Pd1 Hf1,AlCrZrPdHf,SS,SS,-7.165596387919738,45.748180118677496,98.50304100584357
245,Al1 Cr1 Zr1 Nb1 Hf1,AlCrZrNbHf,SS,SS,-9.853024820603233,51.49414024361858,92.64951943671706
246,Al1 Cr1 Ti1 Mo1 V1,AlTiVCrMo,IM,SS,-1.2821248144288082,31.224388028679826,80.82238477980962
247,Al1 Cr1 Ti1 Mo1 Pd1,AlTiCrMoPd,SS+IM,SS,-2.572893606429528,33.655813843505825,79.5361644821132
248,Al1 Cr1 Ti1 Mo1 Nb1,AlTiCrNbMo,SS,SS,-2.1135928340606576,34.34421419437292,79.350924679251
249,Al1 Cr1 Ti1 Mo1 Hf1,AlTiCrMoHf,SS,SS,-4.951464050117693,38.87724010478721,86.09233437286848
250,Al1 Cr1 Ti1 V1 Pd1,AlTiVCrPd,SS+IM,SS,-2.811176429866012,37.955864210146245,114.76876273582988
251,Al1 Cr1 Ti1 V1 Nb1,AlTiVCrNb,IM,SS,-1.8847386822624448,39.33876986296545,97.176262200211
252,Al1 Cr1 Ti1 V1 Hf1,AlTiVCrHf,SS,SS,-6.4290492024210595,49.93183663335369,87.50485874571504
253,Al1 Cr1 Ti1 Pd1 Nb1,AlTiCrNbPd,SS+IM,SS,-2.925749547800335,37.623967452707255,93.8498935183413
254,Al1 Cr1 Ti1 Pd1 Hf1,AlTiCrPdHf,SS,SS,-4.922950241172763,40.314785019909515,97.05134716233408
255,Al1 Cr1 Ti1 Nb1 Hf1,AlTiCrNbHf,SS,SS,-9.055596250972936,51.397002833374,91.3142915510149
256,Al1 Cr1 Mo1 V1 Pd1,AlVCrMoPd,IM,SS,-2.7297157755824455,31.478839153311682,80.51157411377046
257,Al1 Cr1 Mo1 V1 Nb1,AlVCrNbMo,IM,IM,-1.240730258530195,30.345575912750835,78.92624083218784
258,Al1 Cr1 Mo1 V1 Hf1,AlVCrMoHf,SS,SS,-4.420218007601621,36.509665685861755,82.42260992933288
259,Al1 Cr1 Mo1 Pd1 Nb1,AlCrNbMoPd,SS,SS,-3.0549310413594415,34.8657492956,82.88489196064057
260,Al1 Cr1 Mo1 Pd1 Hf1,AlCrMoPdHf,SS,SS,-3.4775098555704935,36.36224574137566,87.01461249408729
261,Al1 Cr1 Mo1 Nb1 Hf1,AlCrNbMoHf,SS,SS,-3.856889279676054,37.23277870175017,82.74706240237343
262,Al1 Cr1 V1 Pd1 Nb1,AlVCrNbPd,SS+IM,SS,-2.679990003557409,33.857563195667886,87.93901454626342
263,Al1 Cr1 V1 Pd1 Hf1,AlVCrPdHf,SS,SS,-4.652554860942474,38.84533943913945,94.12957135505086
264,Al1 Cr1 V1 Nb1 Hf1,AlVCrNbHf,SS,SS,-7.210076340870045,48.19767267186868,90.15518677220705
265,Al1 Cr1 Pd1 Nb1 Hf1,AlCrNbPdHf,SS,SS,-3.4086595395382773,38.50156881581137,97.28262798989711
266,Al1 Ta1 Zr1 Ti1 Mo1,AlTiZrMoTa,SS,SS,-7.5668448658344705,47.03511564118022,84.16311934453176
267,Al1 Ta1 Zr1 Ti1 V1,AlTiVZrTa,SS,SS,-9.969692687286653,50.479344555558896,83.28367885192186
268,Al1 Ta1 Zr1 Ti1 Pd1,AlTiZrPdTa,SS,SS,-6.798020366221077,42.539965115732656,95.65407062497482
269,Al1 Ta1 Zr1 Ti1 Nb1,AlTiZrNbTa,SS,SS,-9.881243500690648,51.95981454674328,83.24209790397524
270,Al1 Ta1 Zr1 Ti1 Hf1,AlTiZrHfTa,SS,SS,-11.218263152956984,51.82925760551166,85.59081024963847
271,Al1 Ta1 Zr1 Mo1 V1,AlVZrMoTa,SS,SS,-4.514301988040727,38.163646865401375,80.21864417818765
272,Al1 Ta1 Zr1 Mo1 Pd1,AlZrMoPdTa,SS,SS,-2.3260506420373974,35.526471962715505,88.32318463803442
273,Al1 Ta1 Zr1 Mo1 Nb1,AlZrNbMoTa,SS,SS,-4.54453715778862,39.455823847434445,82.06015558433174
274,Al1 Ta1 Zr1 Mo1 Hf1,AlZrMoHfTa,SS,SS,-5.2982167828168825,41.76073408010437,86.41994907143427
275,Al1 Ta1 Zr1 V1 Pd1,AlVZrPdTa,SS,SS,-3.9279356341111304,39.77915458336579,95.07487398851536
276,Al1 Ta1 Zr1 V1 Nb1,AlVZrNbTa,SS,SS,-8.568457377338264,49.65049886996099,85.25126960343297
277,Al1 Ta1 Zr1 V1 Hf1,AlVZrHfTa,SS,SS,-9.392615527819345,50.880101300088796,85.19856918309019
278,Al1 Ta1 Zr1 Pd1 Nb1,AlZrNbPdTa,SS,SS,-3.790729045353337,39.66601478773332,95.15637802989829
279,Al1 Ta1 Zr1 Pd1 Hf1,AlZrPdHfTa,SS,SS,-7.067389214510556,43.41994820731611,98.79852568233018
280,Al1 Ta1 Zr1 Nb1 Hf1,AlZrNbHfTa,SS,SS,-9.38376462192043,50.517055148990764,84.99137756731741
281,Al1 Ta1 Ti1 Mo1 V1,AlTiVMoTa,SS,SS,-5.928658117042442,37.57307455878773,78.76668904612838
282,Al1 Ta1 Ti1 Mo1 Pd1,AlTiMoPdTa,SS,SS,-4.375192366093354,35.7948174955682,83.92515781357083
283,Al1 Ta1 Ti1 Mo1 Nb1,AlTiNbMoTa,SS,SS,-3.833023475366836,38.980567492935116,79.33581739583613
284,Al1 Ta1 Ti1 Mo1 Hf1,AlTiMoHfTa,SS,SS,-6.548503552945404,44.514217233269534,83.9516513575339
285,Al1 Ta1 Ti1 V1 Pd1,AlTiVPdTa,SS,SS,-6.028644117331311,41.662288848499706,94.27610830436679
286,Al1 Ta1 Ti1 V1 Nb1,AlTiVNbTa,SS,SS,-6.612796777378351,48.57744721417554,91.92751986661555
287,Al1 Ta1 Ti1 V1 Hf1,AlTiVHfTa,SS,SS,-9.17355506035702,49.592855759916574,82.73147552589847
288,Al1 Ta1 Ti1 Pd1 Nb1,AlTiNbPdTa,SS,SS,-4.635991398813802,43.49107542265863,94.63826263791731
289,Al1 Ta1 Ti1 Pd1 Hf1,AlTiPdHfTa,SS,SS,-6.699292267274845,43.05374245626844,97.20961644066624
290,Al1 Ta1 Ti1 Nb1 Hf1,AlTiNbHfTa,SS,SS,-9.040541998474696,49.054181627702526,83.91332985635539
291,Al1 Ta1 Mo1 V1 Pd1,AlVMoPdTa,SS,SS,-4.304259239970865,36.94874432841883,85.67433679731667
292,Al1 Ta1 Mo1 V1 Nb1,AlVNbMoTa,SS,SS,-4.861802168291131,38.22805716460467,80.99656409424152
293,Al1 Ta1 Mo1 V1 Hf1,AlVMoHfTa,SS,SS,-4.345201150475319,37.891330434772875,79.3039101045353
294,Al1 Ta1 Mo1 Pd1 Nb1,AlNbMoPdTa,SS,SS,-2.993400876323106,36.119644966501724,85.81482966446201
295,Al1 Ta1 Mo1 Pd1 Hf1,AlMoPdHfTa,SS,SS,-1.64962160922828,33.76084811246571,88.31216853280465
296,Al1 Ta1 Mo1 Nb1 Hf1,AlNbMoHfTa,SS,SS,-5.204470035429185,39.82832821356875,80.24388514282496
297,Al1 Ta1 V1 Pd1 Nb1,AlVNbPdTa,SS,SS,-5.18751525682316,40.86001883429867,94.98778413218744
298,Al1 Ta1 V1 Pd1 Hf1,AlVPdHfTa,SS,SS,-3.209861755682613,37.04774985439303,95.1519954545563
299,Al1 Ta1 V1 Nb1 Hf1,AlVNbHfTa,SS,SS,-7.560639914849866,48.499445649234424,84.88518932135717
300,Al1 Ta1 Pd1 Nb1 Hf1,AlNbPdHfTa,SS,SS,-3.281465941663301,38.17435844156216,95.41632923266963
301,Al1 Zr1 Ti1 Mo1 V1,AlTiVZrMo,IM,SS,-5.19186494790811,41.6974929638938,81.5776639132221
302,Al1 Zr1 Ti1 Mo1 Pd1,AlTiZrMoPd,SS,SS,-3.7013968615523125,34.34015644566069,90.0184069245628
303,Al1 Zr1 Ti1 Mo1 Nb1,AlTiZrNbMo,SS,SS,-5.0397536833427266,40.53417044623325,85.30420938165821
304,Al1 Zr1 Ti1 Mo1 Hf1,AlTiZrMoHf,SS,SS,-8.330301804950166,46.758638960757224,88.98097738251623
305,Al1 Zr1 Ti1 V1 Pd1,AlTiVZrPd,SS+IM,IM,-6.688758311891668,44.74643789378812,109.55468396834017
306,Al1 Zr1 Ti1 V1 Nb1,AlTiVZrNb,SS,SS,-9.376316571541262,48.723399160112066,85.22523955520312
307,Al1 Zr1 Ti1 V1 Hf1,AlTiVZrHf,SS,SS,-11.330127085624257,53.24165494181136,85.59914278067626
308,Al1 Zr1 Ti1 Pd1 Nb1,AlTiZrNbPd,SS,SS,-6.384904463644945,40.88020438495163,92.59284290833796
309,Al1 Zr1 Ti1 Pd1 Hf1,AlTiZrPdHf,SS,SS,-8.726577726449095,47.9377670440318,95.62056344845385
310,Al1 Zr1 Ti1 Nb1 Hf1,AlTiZrNbHf,SS,SS,-11.564430870907806,52.473234061362994,87.49090370182589
311,Al1 Zr1 Mo1 V1 Pd1,AlVZrMoPd,SS,SS,-2.15650737617266,33.8309015246268,82.38953024574417
312,Al1 Zr1 Mo1 V1 Nb1,AlVZrNbMo,SS,SS,-4.449251767722031,39.14190541245769,84.3578237081642
313,Al1 Zr1 Mo1 V1 Hf1,AlVZrMoHf,SS,SS,-6.478537074213814,43.588094173597014,85.75082707057194
314,Al1 Zr1 Mo1 Pd1 Nb1,AlZrNbMoPd,SS,SS,-2.555760281691356,34.092968953923446,85.42635295383624
315,Al1 Zr1 Mo1 Pd1 Hf1,AlZrMoPdHf,SS,SS,-3.631027012279574,35.844382929939385,96.24816682132031
316,Al1 Zr1 Mo1 Nb1 Hf1,AlZrNbMoHf,SS,SS,-6.163421609497467,43.51003807663397,88.06593731482467
317,Al1 Zr1 V1 Pd1 Nb1,AlVZrNbPd,SS,SS,-5.210959145718926,41.243848334248206,90.92582728696428
318,Al1 Zr1 V1 Pd1 Hf1,AlVZrPdHf,SS,SS,-7.611019922634451,46.255190213087545,96.60669136101569
319,Al1 Zr1 V1 Nb1 Hf1,AlVZrNbHf,SS,SS,-9.966464700954129,52.44087067533064,85.72266113615225
320,Al1 Zr1 Pd1 Nb1 Hf1,AlZrNbPdHf,SS,SS,-7.8595243269013455,45.92104459698419,98.36217250283077
321,Al1 Ti1 Mo1 V1 Pd1,AlTiVMoPd,SS,SS,-2.6188283993609263,34.37208322302053,78.22532581494754
322,Al1 Ti1 Mo1 V1 Nb1,AlTiVNbMo,SS,SS,-3.659261978682932,37.97897088970082,79.70974822003367
323,Al1 Ti1 Mo1 V1 Hf1,AlTiVMoHf,SS,SS,-5.074495067753832,42.44232321597784,85.11490579215146
324,Al1 Ti1 Mo1 Pd1 Nb1,AlTiNbMoPd,SS,SS,-2.9138515915098404,34.706261283414776,82.26034562694072
325,Al1 Ti1 Mo1 Pd1 Hf1,AlTiMoPdHf,SS,SS,-3.335408303875105,35.13299104348977,91.38625099312662
326,Al1 Ti1 Mo1 Nb1 Hf1,AlTiNbMoHf,SS,SS,-5.023034235138697,40.17157245023454,85.2027894051107
327,Al1 Ti1 V1 Pd1 Nb1,AlTiVNbPd,SS,SS,-3.184698836386467,39.18808480609979,91.47287152895814
328,Al1 Ti1 V1 Pd1 Hf1,AlTiVPdHf,SS,SS,-4.9011340552829505,40.66855719284203,95.85975932181123
329,Al1 Ti1 V1 Nb1 Hf1,AlTiVNbHf,SS,SS,-9.181954789543681,50.50779876238525,84.13619813577739
330,Al1 Ti1 Pd1 Nb1 Hf1,AlTiNbPdHf,SS,SS,-5.02903996644747,40.301480792937014,96.10540116029301
331,Al1 Mo1 V1 Pd1 Nb1,AlVNbMoPd,SS,SS,-3.1772280794949963,35.95003712607025,84.00144460770187
332,Al1 Mo1 V1 Pd1 Hf1,AlVMoPdHf,SS,SS,-3.5899242844997956,35.710198469979666,87.62152059080351
333,Al1 Mo1 V1 Nb1 Hf1,AlVNbMoHf,SS,SS,-4.321993937822468,39.0160877428199,81.67523316835042
334,Al1 Mo1 Pd1 Nb1 Hf1,AlNbMoPdHf,SS,SS,-2.273372009348185,35.539289694807465,87.52706898035638
335,Al1 V1 Pd1 Nb1 Hf1,AlVNbPdHf,SS,SS,-3.839497095081262,40.36398181543869,95.02308778012356
336,Cr1 Ta1 Zr1 Ti1 Mo1,TiCrZrMoTa,SS,SS+IM,-6.070646352109862,42.84614778372333,90.03762561117328
337,Cr1 Ta1 Zr1 Ti1 V1,TiVCrZrTa,SS,SS+IM,-9.252034977953286,55.54163809971308,84.4573953901924
338,Cr1 Ta1 Zr1 Ti1 Pd1,TiCrZrPdTa,SS,SS,-5.447270899724964,44.67588759833347,105.18254617184635
339,Cr1 Ta1 Zr1 Ti1 Nb1,TiCrZrNbTa,SS,SS+IM,-10.128571320037146,55.94165604345797,86.87303383911353
340,Cr1 Ta1 Zr1 Ti1 Hf1,TiCrZrHfTa,SS,SS+IM,-11.704023167493737,56.35356279666067,86.05641439363725
341,Cr1 Ta1 Zr1 Mo1 V1,VCrZrMoTa,SS,SS+IM,-4.358243084189379,39.86730603212895,87.60510000010429
342,Cr1 Ta1 Zr1 Mo1 Pd1,CrZrMoPdTa,SS,SS,-2.4749556328890634,34.29564342675914,95.13842991050537
343,Cr1 Ta1 Zr1 Mo1 Nb1,CrZrNbMoTa,SS,SS+IM,-3.4132601802383653,38.309156762920786,87.16696817629766
344,Cr1 Ta1 Zr1 Mo1 Hf1,CrZrMoHfTa,SS,SS,-5.337225828754042,42.040962305951474,89.11663552513555
345,Cr1 Ta1 Zr1 V1 Pd1,VCrZrPdTa,SS,SS,-4.991395205850538,40.4859865410966,102.15908492670461
346,Cr1 Ta1 Zr1 V1 Nb1,VCrZrNbTa,SS,SS+IM,-8.328745686866952,52.18210562817127,92.1503626767857
347,Cr1 Ta1 Zr1 V1 Hf1,VCrZrHfTa,SS,SS,-10.35493728080139,54.64546726119576,86.10052666388246
348,Cr1 Ta1 Zr1 Pd1 Nb1,CrZrNbPdTa,SS,SS,-3.9672642968693608,39.055168249767945,102.32542415346742
349,Cr1 Ta1 Zr1 Pd1 Hf1,CrZrPdHfTa,SS,SS,-7.263875942176551,48.62171200117338,106.25473931036852
350,Cr1 Ta1 Zr1 Nb1 Hf1,CrZrNbHfTa,SS,SS+IM,-9.98203679191467,55.69458135611062,88.0953866482266
351,Cr1 Ta1 Ti1 Mo1 V1,TiVCrMoTa,SS,SS+IM,-4.246635482803939,41.15753876624521,89.37854682891036
352,Cr1 Ta1 Ti1 Mo1 Pd1,TiCrMoPdTa,SS,SS,-4.257699291447275,36.889296302090685,92.35847870649675
353,Cr1 Ta1 Ti1 Mo1 Nb1,TiCrNbMoTa,SS,SS+IM,-4.465353304634309,40.04636682173683,87.15215845190279
354,Cr1 Ta1 Ti1 Mo1 Hf1,TiCrMoHfTa,SS,SS,-6.221520874615673,43.01396560600685,89.75069105891033
355,Cr1 Ta1 Ti1 V1 Pd1,TiVCrPdTa,SS,SS,-4.788050881737909,39.9100136374756,103.7230489670525
356,Cr1 Ta1 Ti1 V1 Nb1,TiVCrNbTa,SS,SS+IM,-5.982634011139632,50.95224927174414,99.4726819600309
357,Cr1 Ta1 Ti1 V1 Hf1,TiVCrHfTa,SS,SS,-8.93810079515407,54.18840764845316,87.83012352289656
358,Cr1 Ta1 Ti1 Pd1 Nb1,TiCrNbPdTa,SS,SS,-5.288646152189535,41.950297454452475,104.18194312169823
359,Cr1 Ta1 Ti1 Pd1 Hf1,TiCrPdHfTa,SS,SS,-5.466759092035188,43.49205275284632,105.04681235564784
360,Cr1 Ta1 Ti1 Nb1 Hf1,TiCrNbHfTa,SS,SS+IM,-9.382075154388545,54.3310570632645,87.91816397243609
361,Cr1 Ta1 Mo1 V1 Pd1,VCrMoPdTa,SS,SS,-3.0616632810119064,33.926950441275956,88.58565067232686
362,Cr1 Ta1 Mo1 V1 Nb1,VCrNbMoTa,SS,SS,-4.423853420641469,39.57613057972064,89.72932872395317
363,Cr1 Ta1 Mo1 V1 Hf1,VCrMoHfTa,SS,SS,-4.998612501945191,38.75139503236923,89.69983905856569
364,Cr1 Ta1 Mo1 Pd1 Nb1,CrNbMoPdTa,SS,SS,-3.331973591506304,34.858480189678005,88.73901875792205
365,Cr1 Ta1 Mo1 Pd1 Hf1,CrMoPdHfTa,SS,SS,-3.8028500947607133,35.88596665977454,94.9222820758432
366,Cr1 Ta1 Mo1 Nb1 Hf1,CrNbMoHfTa,SS,SS,-3.976433521862885,39.131960659681724,88.51355091429011
367,Cr1 Ta1 V1 Pd1 Nb1,VCrNbPdTa,SS,SS,-3.7896110713923616,40.04642719930259,102.09918534136105
368,Cr1 Ta1 V1 Pd1 Hf1,VCrPdHfTa,SS,SS,-5.460025198006288,38.555542864245005,102.01007942632673
369,Cr1 Ta1 V1 Nb1 Hf1,VCrNbHfTa,SS,SS,-8.039575915182773,50.84836160532573,95.58099926592536
370,Cr1 Ta1 Pd1 Nb1 Hf1,CrNbPdHfTa,SS,SS,-3.9584790177796454,38.93869697968314,102.68308353779187
371,Cr1 Zr1 Ti1 Mo1 V1,TiVCrZrMo,SS+IM,SS+IM,-3.9277610482838927,39.79462531671487,92.75825276530759
372,Cr1 Zr1 Ti1 Mo1 Pd1,TiCrZrMoPd,SS+IM,IM,-3.6138685275532683,35.23663516195405,104.58474808197413
373,Cr1 Zr1 Ti1 Mo1 Nb1,TiCrZrNbMo,SS+IM,SS+IM,-4.370222711409485,40.404134131729194,92.03957753808665
374,Cr1 Zr1 Ti1 Mo1 Hf1,TiCrZrMoHf,SS,SS+IM,-9.168684478039825,50.949790804699845,96.66352948351366
375,Cr1 Zr1 Ti1 V1 Pd1,TiVCrZrPd,SS+IM,SS,-6.190100642870645,46.43979507150039,110.97525162180006
376,Cr1 Zr1 Ti1 V1 Nb1,TiVCrZrNb,SS+IM,SS+IM,-8.81841700788183,57.8797818081612,90.50388534146435
377,Cr1 Zr1 Ti1 V1 Hf1,TiVCrZrHf,SS,SS,-13.730545444528186,60.120173115922725,88.99063838223621
378,Cr1 Zr1 Ti1 Pd1 Nb1,TiCrZrNbPd,IM,IM,-6.331551520961185,42.874027299337094,105.12364153317567
379,Cr1 Zr1 Ti1 Pd1 Hf1,TiCrZrPdHf,SS,SS,-10.737682254152398,54.941252438900314,113.23446559891677
380,Cr1 Zr1 Ti1 Nb1 Hf1,TiCrZrNbHf,SS,SS+IM,-13.733903135060293,60.104399382528484,89.58407909925569
381,Cr1 Zr1 Mo1 V1 Pd1,VCrZrMoPd,SS+IM,SS,-3.543467590934695,34.342006485620125,94.44814371013001
382,Cr1 Zr1 Mo1 V1 Nb1,VCrZrNbMo,SS+IM,SS+IM,-3.631624139646788,37.00508633616453,90.52793079908955
383,Cr1 Zr1 Mo1 V1 Hf1,VCrZrMoHf,SS,SS+IM,-6.563114160462306,44.39907769338295,93.0085777537428
384,Cr1 Zr1 Mo1 Pd1 Nb1,CrZrNbMoPd,SS+IM,SS+IM,-1.6673954350769546,31.120302249434612,93.82723220642194
385,Cr1 Zr1 Mo1 Pd1 Hf1,CrZrMoPdHf,SS,SS,-2.9659224201625163,35.32852351902681,105.23897643712174
386,Cr1 Zr1 Mo1 Nb1 Hf1,CrZrNbMoHf,SS+IM,SS+IM,-6.195341123835163,43.6915729150694,93.04933260248005
387,Cr1 Zr1 V1 Pd1 Nb1,VCrZrNbPd,IM,IM,-5.050783748149081,42.29332705064934,107.39537593134732
388,Cr1 Zr1 V1 Pd1 Hf1,VCrZrPdHf,SS,SS,-8.970729457530224,52.85048753437925,114.46874135435802
389,Cr1 Zr1 V1 Nb1 Hf1,VCrZrNbHf,SS,SS+IM,-11.100354148558074,57.929791731663165,91.63865087838695
390,Cr1 Zr1 Pd1 Nb1 Hf1,CrZrNbPdHf,SS,SS,-7.9111880973895365,48.09200860994061,111.72626565585425
391,Cr1 Ti1 Mo1 V1 Pd1,TiVCrMoPd,SS+IM,SS,-1.9895375818532062,31.50064083011074,96.05047865658997
392,Cr1 Ti1 Mo1 V1 Nb1,TiVCrNbMo,SS,SS,-3.0084608247304154,37.453344859603156,89.88428176011602
393,Cr1 Ti1 Mo1 V1 Hf1,TiVCrMoHf,SS,SS+IM,-5.130311095122814,42.028521028341935,92.84101680012013
394,Cr1 Ti1 Mo1 Pd1 Nb1,TiCrNbMoPd,SS,SS,-2.8762020012266576,33.0750454609191,92.2890647051284
395,Cr1 Ti1 Mo1 Pd1 Hf1,TiCrMoPdHf,SS,SS,-4.174368133620531,36.55883561724074,105.10703347763527
396,Cr1 Ti1 Mo1 Nb1 Hf1,TiCrNbMoHf,SS,SS+IM,-4.432125039547406,39.83233638038867,90.71307590371065
397,Cr1 Ti1 V1 Pd1 Nb1,TiVCrNbPd,SS+IM,SS,-3.6689856503703084,39.03963439931504,108.15713973336771
398,Cr1 Ti1 V1 Pd1 Hf1,TiVCrPdHf,SS,SS,-6.902740005143056,48.855151777091294,113.6811524390199
399,Cr1 Ti1 V1 Nb1 Hf1,TiVCrNbHf,SS,SS+IM,-8.287715818959473,56.86023217830966,89.50123580051672
400,Cr1 Ti1 Pd1 Nb1 Hf1,TiCrNbPdHf,SS,SS,-5.040359095049455,42.69495014197309,108.39107539321313
401,Cr1 Mo1 V1 Pd1 Nb1,VCrNbMoPd,SS,SS,-1.5353573876515965,30.569765668486216,90.77397032304846
402,Cr1 Mo1 V1 Pd1 Hf1,VCrMoPdHf,SS,SS,-3.9865719330997194,37.39177894738902,96.29323458009732
403,Cr1 Mo1 V1 Nb1 Hf1,VCrNbMoHf,SS,SS,-4.714336636070254,41.389955656311656,90.660390952376
404,Cr1 Mo1 Pd1 Nb1 Hf1,CrNbMoPdHf,SS,SS,-2.8976302506174183,35.28043772533444,96.81324815132551
405,Cr1 V1 Pd1 Nb1 Hf1,VCrNbPdHf,SS,SS,-5.401618877361797,43.70191891856207,109.8828628777452
406,Ta1 Zr1 Ti1 Mo1 V1,TiVZrMoTa,SS,SS,-8.61391991696002,51.34689286908026,89.629910699927
407,Ta1 Zr1 Ti1 Mo1 Pd1,TiZrMoPdTa,SS,SS,-3.3539449479629533,40.644354946333976,103.15811411164437
408,Ta1 Zr1 Ti1 Mo1 Nb1,TiZrNbMoTa,SS,SS,-7.385028527339192,50.91679879190582,91.65171222106989
409,Ta1 Zr1 Ti1 Mo1 Hf1,TiZrMoHfTa,SS,SS,-8.596346350039353,51.210992765100144,91.54675102659661
410,Ta1 Zr1 Ti1 V1 Pd1,TiVZrPdTa,SS,SS,-6.103826299279433,41.55242319161197,98.99218192287233
411,Ta1 Zr1 Ti1 V1 Nb1,TiVZrNbTa,SS,SS,-11.820915940178757,59.247478591426656,87.3198746573437
412,Ta1 Zr1 Ti1 V1 Hf1,TiVZrHfTa,SS,SS,-12.688834848996548,59.1399307740779,87.77012547266092
413,Ta1 Zr1 Ti1 Pd1 Nb1,TiZrNbPdTa,SS,SS,-6.664544324281704,41.89088067435734,98.92870081805037
414,Ta1 Zr1 Ti1 Pd1 Hf1,TiZrPdHfTa,SS,SS,-9.37391040756966,48.22610966040335,98.92816619093438
415,Ta1 Zr1 Ti1 Nb1 Hf1,TiZrNbHfTa,SS,SS,-12.675992131146707,59.88877789810152,89.70981490483537
416,Ta1 Zr1 Mo1 V1 Pd1,VZrMoPdTa,SS,SS,-2.5941098329701098,34.59353831009742,97.49627715767934
417,Ta1 Zr1 Mo1 V1 Nb1,VZrNbMoTa,SS,SS,-4.0225517220763995,40.57761296639439,91.3241148749758
418,Ta1 Zr1 Mo1 V1 Hf1,VZrMoHfTa,SS,SS,-6.827996426895865,48.68963427184723,89.30388162592244
419,Ta1 Zr1 Mo1 Pd1 Nb1,ZrNbMoPdTa,SS,SS,-2.321371951553746,34.05715861457766,97.58121731397873
420,Ta1 Zr1 Mo1 Pd1 Hf1,ZrMoPdHfTa,SS,SS,-3.1556555807188147,38.41465684625893,102.73862508902779
421,Ta1 Zr1 Mo1 Nb1 Hf1,ZrNbMoHfTa,SS,SS,-6.329753646341337,46.730444070240594,91.14452793379095
422,Ta1 Zr1 V1 Pd1 Nb1,VZrNbPdTa,SS,SS,-4.284185858178278,39.807903715637806,101.11363712951253
423,Ta1 Zr1 V1 Pd1 Hf1,VZrPdHfTa,SS,SS,-7.553297382998344,45.01507358688124,99.92140411528862
424,Ta1 Zr1 V1 Nb1 Hf1,VZrNbHfTa,SS,SS,-11.374792471002534,57.96617326017573,86.9451631521658
425,Ta1 Zr1 Pd1 Nb1 Hf1,ZrNbPdHfTa,SS,SS,-7.302906251369143,44.784280919465274,99.81213032936144
426,Ta1 Ti1 Mo1 V1 Pd1,TiVMoPdTa,SS,SS,-4.48856721689099,36.76882668428847,92.77836583752308
427,Ta1 Ti1 Mo1 V1 Nb1,TiVNbMoTa,SS,SS,-4.649354201158082,41.762658606645005,91.95032285714781
428,Ta1 Ti1 Mo1 V1 Hf1,TiVMoHfTa,SS,SS,-7.595103260529732,48.6331170125528,89.51251384081364
429,Ta1 Ti1 Mo1 Pd1 Nb1,TiNbMoPdTa,SS,SS,-2.7648445749680763,34.26762951241438,93.99866411006109
430,Ta1 Ti1 Mo1 Pd1 Hf1,TiMoPdHfTa,SS,SS,-2.7777377783084023,38.31868141975476,102.58249047685806
431,Ta1 Ti1 Mo1 Nb1 Hf1,TiNbMoHfTa,SS,SS,-7.467906285089806,49.290384556786435,91.64034113688093
432,Ta1 Ti1 V1 Pd1 Nb1,TiVNbPdTa,SS,SS,-5.570322527866545,43.12166735031985,102.51145253593046
433,Ta1 Ti1 V1 Pd1 Hf1,TiVPdHfTa,SS,SS,-6.641764807336129,41.2589112893991,99.52168085765409
434,Ta1 Ti1 V1 Nb1 Hf1,TiVNbHfTa,SS,SS,-10.825611503188444,56.92050670819225,85.88064759893437
435,Ta1 Ti1 Pd1 Nb1 Hf1,TiNbPdHfTa,SS,SS,-7.098959765532009,43.02170852328476,99.22768587317609
436,Ta1 Mo1 V1 Pd1 Nb1,VNbMoPdTa,SS,SS,-3.8628534838337942,36.43184110052042,91.3058352274692
437,Ta1 Mo1 V1 Pd1 Hf1,VMoPdHfTa,SS,SS,-3.019600006530787,35.323845626733274,94.46809299774765
438,Ta1 Mo1 V1 Nb1 Hf1,VNbMoHfTa,SS,SS,-5.804917813495531,42.869750112913636,93.92591593025703
439,Ta1 Mo1 Pd1 Nb1 Hf1,NbMoPdHfTa,SS,SS,-2.2999085928222964,34.67058532496076,96.4434016289624
440,Ta1 V1 Pd1 Nb1 Hf1,VNbPdHfTa,SS,SS,-4.496466971823279,40.09558286576991,101.47588684714299
441,Zr1 Ti1 Mo1 V1 Pd1,TiVZrMoPd,SS,SS,-4.016255091059547,41.01037365015585,108.31738128327073
442,Zr1 Ti1 Mo1 V1 Nb1,TiVZrNbMo,SS,SS,-5.261750442393991,47.604859342191304,93.37655111189353
443,Zr1 Ti1 Mo1 V1 Hf1,TiVZrMoHf,SS,SS,-10.305208736153151,52.06685437480339,87.31326510139925
444,Zr1 Ti1 Mo1 Pd1 Nb1,TiZrNbMoPd,SS,IM,-3.181813297501128,36.89564335850302,102.47128908777484
445,Zr1 Ti1 Mo1 Pd1 Hf1,TiZrMoPdHf,SS,SS,-6.180154073674603,46.37104065063859,112.04792220725628
446,Zr1 Ti1 Mo1 Nb1 Hf1,TiZrNbMoHf,SS,SS,-9.417858871500748,51.50669458334999,89.11940922477392
447,Zr1 Ti1 V1 Pd1 Nb1,TiVZrNbPd,SS,SS,-6.797266030714911,41.71820071682851,101.48552410674944
448,Zr1 Ti1 V1 Pd1 Hf1,TiVZrPdHf,SS,SS,-11.027338853624826,54.20264929719696,106.66737425134782
449,Zr1 Ti1 V1 Nb1 Hf1,TiVZrNbHf,SS,SS,-14.613740458865355,62.67024393228364,89.68674799769919
450,Zr1 Ti1 Pd1 Nb1 Hf1,TiZrNbPdHf,SS,SS,-10.219341589463413,51.44092248507252,107.37151836379005
451,Zr1 Mo1 V1 Pd1 Nb1,VZrNbMoPd,SS,SS,-2.4156109400991617,33.67550393581603,98.28826756230717
452,Zr1 Mo1 V1 Pd1 Hf1,VZrMoPdHf,SS,SS,-3.943954593532982,42.208065665662964,108.5883010129098
453,Zr1 Mo1 V1 Nb1 Hf1,VZrNbMoHf,SS,SS,-7.0538070177216285,51.006032191323236,94.64260020423696
454,Zr1 Mo1 Pd1 Nb1 Hf1,ZrNbMoPdHf,SS,SS,-3.4841862718284116,40.54309542962268,105.94986829887372
455,Zr1 V1 Pd1 Nb1 Hf1,VZrNbPdHf,SS,SS,-8.160419691127503,47.84558205464887,108.53779696667097
456,Ti1 Mo1 V1 Pd1 Nb1,TiVNbMoPd,SS,SS,-3.753068744845401,36.40745913857426,98.23485399803796
457,Ti1 Mo1 V1 Pd1 Hf1,TiVMoPdHf,SS,SS,-4.879735016281116,41.7707696709604,108.04473705954253
458,Ti1 Mo1 V1 Nb1 Hf1,TiVNbMoHf,SS,SS,-5.669480032096229,46.233859279668145,92.687306282046
459,Ti1 Mo1 Pd1 Nb1 Hf1,TiNbMoPdHf,SS,SS,-2.8140628404629577,37.14227052123319,104.9473815712907
460,Ti1 V1 Pd1 Nb1 Hf1,TiVNbPdHf,SS,SS,-5.692556979436267,41.70517987886484,104.00514963489583
461,Mo1 V1 Pd1 Nb1 Hf1,VNbMoPdHf,SS,SS,-2.87806842695665,36.60876271965252,102.50663752341447
462,Al1 Cr1 Ta1 Zr1 Ti1 Mo1,AlTiCrZrMoTa,SS,SS,-7.344615071042443,43.80087909592959,82.58245498908045
463,Al1 Cr1 Ta1 Zr1 Ti1 V1,AlTiVCrZrTa,SS,SS,-8.196510039669223,48.26993591089994,85.07349455933446
464,Al1 Cr1 Ta1 Zr1 Ti1 Pd1,AlTiCrZrPdTa,SS,SS,-6.5181465593020915,45.83358636455365,97.85916170061394
465,Al1 Cr1 Ta1 Zr1 Ti1 Nb1,AlTiCrZrNbTa,SS,SS+IM,-8.967424558697108,49.0521886409692,85.94047041791046
466,Al1 Cr1 Ta1 Zr1 Ti1 Hf1,AlTiCrZrHfTa,SS,SS,-10.891904630760742,49.09586124011489,84.24185677523546
467,Al1 Cr1 Ta1 Zr1 Mo1 V1,AlVCrZrMoTa,SS,SS,-4.58488744803548,38.11874352474249,79.44735131281386
468,Al1 Cr1 Ta1 Zr1 Mo1 Pd1,AlCrZrMoPdTa,SS,SS,-2.8010391096957505,36.48533247560363,89.10414106714693
469,Al1 Cr1 Ta1 Zr1 Mo1 Nb1,AlCrZrNbMoTa,SS+IM,SS+IM,-4.637585977961072,38.379947992941325,79.85909037357703
470,Al1 Cr1 Ta1 Zr1 Mo1 Hf1,AlCrZrMoHfTa,SS,SS,-6.924986236085693,42.90144614368103,85.11924696047156
471,Al1 Cr1 Ta1 Zr1 V1 Pd1,AlVCrZrPdTa,SS,SS,-4.655031039403945,41.19166770525365,96.34943652285754
472,Al1 Cr1 Ta1 Zr1 V1 Nb1,AlVCrZrNbTa,SS,SS,-7.826215382343415,47.548969138907644,85.46110166515805
473,Al1 Cr1 Ta1 Zr1 V1 Hf1,AlVCrZrHfTa,SS,SS,-9.315704337730894,48.899589846805064,86.62004169100939
474,Al1 Cr1 Ta1 Zr1 Pd1 Nb1,AlCrZrNbPdTa,SS,SS+IM,-4.672976971760187,42.49161358487458,97.74976933786245
475,Al1 Cr1 Ta1 Zr1 Pd1 Hf1,AlCrZrPdHfTa,SS,SS,-6.537861414765893,44.88391737237362,98.34424368038552
476,Al1 Cr1 Ta1 Zr1 Nb1 Hf1,AlCrZrNbHfTa,SS,SS+IM,-9.234289602770962,49.01325770963348,88.61509725765363
477,Al1 Cr1 Ta1 Ti1 Mo1 V1,AlTiVCrMoTa,SS,SS,-4.481557892874004,36.86787076956991,78.27757346429544
478,Al1 Cr1 Ta1 Ti1 Mo1 Pd1,AlTiCrMoPdTa,SS,SS,-4.297783939861295,38.32084006564348,85.90365821350557
479,Al1 Cr1 Ta1 Ti1 Mo1 Nb1,AlTiCrNbMoTa,SS,SS+IM,-4.830100877833068,37.275845945286754,78.46294810806779
480,Al1 Cr1 Ta1 Ti1 Mo1 Hf1,AlTiCrMoHfTa,SS,SS,-7.045764707734065,43.24119990182552,82.77012381759386
481,Al1 Cr1 Ta1 Ti1 V1 Pd1,AlTiVCrPdTa,SS,SS,-4.833931680092359,40.959388932094775,97.82460159764355
482,Al1 Cr1 Ta1 Ti1 V1 Nb1,AlTiVCrNbTa,SS,SS,-5.967458342830438,43.99702579918239,92.3524117809758
483,Al1 Cr1 Ta1 Ti1 V1 Hf1,AlTiVCrHfTa,SS,SS,-8.04293885583083,47.16590745410067,84.00137472488407
484,Al1 Cr1 Ta1 Ti1 Pd1 Nb1,AlTiCrNbPdTa,SS,SS+IM,-4.643897253146068,40.647734580847185,96.63728113512627
485,Al1 Cr1 Ta1 Ti1 Pd1 Hf1,AlTiCrPdHfTa,SS,SS,-7.0386734953444625,45.92551795557291,97.91108519841227
486,Al1 Cr1 Ta1 Ti1 Nb1 Hf1,AlTiCrNbHfTa,SS,SS+IM,-8.584937731543304,49.06222235520777,85.71687719850246
487,Al1 Cr1 Ta1 Mo1 V1 Pd1,AlVCrMoPdTa,SS,SS,-4.191240955895135,36.72117014453634,87.20586113077817
488,Al1 Cr1 Ta1 Mo1 V1 Nb1,AlVCrNbMoTa,SS,SS,-4.38282910357545,35.82692456130014,81.08306708428883
489,Al1 Cr1 Ta1 Mo1 V1 Hf1,AlVCrMoHfTa,SS,SS,-5.536789958893399,36.82500057070621,79.53232496418183
490,Al1 Cr1 Ta1 Mo1 Pd1 Nb1,AlCrNbMoPdTa,SS,SS+IM,-3.863509392210985,38.869549028388995,86.90827206700439
491,Al1 Cr1 Ta1 Mo1 Pd1 Hf1,AlCrMoPdHfTa,SS,SS,-4.1186487823893545,35.2615469015022,88.87557878583297
492,Al1 Cr1 Ta1 Mo1 Nb1 Hf1,AlCrNbMoHfTa,SS,SS+IM,-5.493068507195117,39.82020266537298,79.8914024296672
493,Al1 Cr1 Ta1 V1 Pd1 Nb1,AlVCrNbPdTa,SS,SS,-4.4980941129562195,40.317517895517405,92.83037857936709
494,Al1 Cr1 Ta1 V1 Pd1 Hf1,AlVCrPdHfTa,SS,SS,-5.1343175350281305,40.03659428865642,96.12042427068432
495,Al1 Cr1 Ta1 V1 Nb1 Hf1,AlVCrNbHfTa,SS,SS,-7.449182597562458,45.833303960454344,85.10708926131731
496,Al1 Cr1 Ta1 Pd1 Nb1 Hf1,AlCrNbPdHfTa,SS,SS+IM,-3.8961150490743854,41.30895611886596,97.51748740561916
497,Al1 Cr1 Zr1 Ti1 Mo1 V1,AlTiVCrZrMo,IM,IM,-3.3803233606409426,36.663283258551914,85.40558298875223
498,Al1 Cr1 Zr1 Ti1 Mo1 Pd1,AlTiCrZrMoPd,SS+IM,SS,-2.208915748017396,33.77973030269693,88.06509100632513
499,Al1 Cr1 Zr1 Ti1 Mo1 Nb1,AlTiCrZrNbMo,SS+IM,SS+IM,-5.258083129379608,39.8900501937051,84.96875144759132
500,Al1 Cr1 Zr1 Ti1 Mo1 Hf1,AlTiCrZrMoHf,SS,SS,-9.406349879293636,46.50267838311842,86.91906080944626
501,Al1 Cr1 Zr1 Ti1 V1 Pd1,AlTiVCrZrPd,SS+IM,IM,-3.506398017925249,42.85725935704381,111.96390771342244
502,Al1 Cr1 Zr1 Ti1 V1 Nb1,AlTiVCrZrNb,IM,SS+IM,-7.499874282220629,47.3425272968779,91.45241925599619
503,Al1 Cr1 Zr1 Ti1 V1 Hf1,AlTiVCrZrHf,SS,SS,-11.92414715480667,50.24084756038039,84.21701688162494
504,Al1 Cr1 Zr1 Ti1 Pd1 Nb1,AlTiCrZrNbPd,SS+IM,SS+IM,-5.313585946713013,42.19769907517384,92.33703235418334
505,Al1 Cr1 Zr1 Ti1 Pd1 Hf1,AlTiCrZrPdHf,SS,SS,-9.179011612352136,47.41098030333071,95.51582944878271
506,Al1 Cr1 Zr1 Ti1 Nb1 Hf1,AlTiCrZrNbHf,SS,SS+IM,-11.238591961946375,50.34455457363879,86.3327830140344
507,Al1 Cr1 Zr1 Mo1 V1 Pd1,AlVCrZrMoPd,SS+IM,SS,-2.314432595479079,34.79374965220562,84.33635561805274
508,Al1 Cr1 Zr1 Mo1 V1 Nb1,AlVCrZrNbMo,SS+IM,IM,-4.117474360886604,37.79572155149377,79.82038705724611
509,Al1 Cr1 Zr1 Mo1 V1 Hf1,AlVCrZrMoHf,SS,SS,-7.427131519746905,43.78150815326748,84.8098761536314
510,Al1 Cr1 Zr1 Mo1 Pd1 Nb1,AlCrZrNbMoPd,SS+IM,IM,-2.7642855672290314,34.11451241249146,84.89059844865052
511,Al1 Cr1 Zr1 Mo1 Pd1 Hf1,AlCrZrMoPdHf,SS,SS,-2.7477178461074216,36.36281064908382,96.18179917136416
512,Al1 Cr1 Zr1 Mo1 Nb1 Hf1,AlCrZrNbMoHf,SS+IM,SS+IM,-7.904778672414845,44.64058049738972,87.76447611669278
513,Al1 Cr1 Zr1 V1 Pd1 Nb1,AlVCrZrNbPd,SS+IM,IM,-3.4037779418442353,39.13660428553327,93.664939798392
514,Al1 Cr1 Zr1 V1 Pd1 Hf1,AlVCrZrPdHf,SS,SS,-7.017582944573868,46.05545778069056,96.05304813760598
515,Al1 Cr1 Zr1 V1 Nb1 Hf1,AlVCrZrNbHf,SS,SS,-9.59648351607044,49.391267396429036,89.20863837768364
516,Al1 Cr1 Zr1 Pd1 Nb1 Hf1,AlCrZrNbPdHf,SS,SS+IM,-7.221470197501961,46.75867302380917,100.83031452791579
517,Al1 Cr1 Ti1 Mo1 V1 Pd1,AlTiVCrMoPd,SS,SS,-2.4993458523588434,32.01040788012667,79.30722793962674
518,Al1 Cr1 Ti1 Mo1 V1 Nb1,AlTiVCrNbMo,SS+IM,SS,-2.7588652188440754,35.43164544358783,81.49381623413579
519,Al1 Cr1 Ti1 Mo1 V1 Hf1,AlTiVCrMoHf,SS,SS,-4.6553815768798055,37.62166447498709,83.66092723422483
520,Al1 Cr1 Ti1 Mo1 Pd1 Nb1,AlTiCrNbMoPd,SS+IM,SS+IM,-3.2766533794033528,36.18296495975556,83.13458982007336
521,Al1 Cr1 Ti1 Mo1 Pd1 Hf1,AlTiCrMoPdHf,SS,SS,-3.4262147519741513,37.35752988518083,91.44949732926642
522,Al1 Cr1 Ti1 Mo1 Nb1 Hf1,AlTiCrNbMoHf,SS+IM,SS+IM,-5.294451257667519,40.07656748765652,84.77132456515182
523,Al1 Cr1 Ti1 V1 Pd1 Nb1,AlTiVCrNbPd,SS+IM,SS,-2.577413709128395,35.809847495089606,93.96172364222988
524,Al1 Cr1 Ti1 V1 Pd1 Hf1,AlTiVCrPdHf,SS,SS,-4.738948667708712,42.63458545415529,97.20384436562239
525,Al1 Cr1 Ti1 V1 Nb1 Hf1,AlTiVCrNbHf,SS,SS,-6.903591021259758,47.976947911370225,87.9720204380532
526,Al1 Cr1 Ti1 Pd1 Nb1 Hf1,AlTiCrNbPdHf,SS,SS+IM,-5.559675582752526,44.839231838760746,97.85779287178356
527,Al1 Cr1 Mo1 V1 Pd1 Nb1,AlVCrNbMoPd,SS+IM,SS,-3.2455072585290328,33.74685258846119,84.10207550069886
528,Al1 Cr1 Mo1 V1 Pd1 Hf1,AlVCrMoPdHf,SS,SS,-3.4701192555773224,37.449056841463374,88.67793250152195
529,Al1 Cr1 Mo1 V1 Nb1 Hf1,AlVCrNbMoHf,SS+IM,SS,-4.5535292971698365,37.05103347075794,80.02937285091916
530,Al1 Cr1 Mo1 Pd1 Nb1 Hf1,AlCrNbMoPdHf,SS,SS,-3.3295023564199835,36.22345991822621,88.44415639281978
531,Al1 Cr1 V1 Pd1 Nb1 Hf1,AlVCrNbPdHf,SS,SS,-4.122558016169836,41.12105839093644,98.02483130901416
532,Al1 Ta1 Zr1 Ti1 Mo1 V1,AlTiVZrMoTa,SS,SS,-7.613337391382363,43.9364079876011,82.35478834267897
533,Al1 Ta1 Zr1 Ti1 Mo1 Pd1,AlTiZrMoPdTa,SS,SS,-2.9856194536333787,36.65955647732169,91.43632696978061
534,Al1 Ta1 Zr1 Ti1 Mo1 Nb1,AlTiZrNbMoTa,SS,SS,-7.557600058917228,45.65427571414457,83.63784878946345
535,Al1 Ta1 Zr1 Ti1 Mo1 Hf1,AlTiZrMoHfTa,SS,SS,-9.252557598479685,47.66015461545844,82.64572452569743
536,Al1 Ta1 Zr1 Ti1 V1 Pd1,AlTiVZrPdTa,SS,SS,-8.001096805587059,47.28577086423455,94.39748401602306
537,Al1 Ta1 Zr1 Ti1 V1 Nb1,AlTiVZrNbTa,SS,SS,-9.063946251487591,48.94390956259529,82.22572787993437
538,Al1 Ta1 Zr1 Ti1 V1 Hf1,AlTiVZrHfTa,SS,SS,-11.003346470049728,49.78109503868659,81.92896304955703
539,Al1 Ta1 Zr1 Ti1 Pd1 Nb1,AlTiZrNbPdTa,SS,SS+IM,-8.493534510718113,49.60642308075828,95.61152457684355
540,Al1 Ta1 Zr1 Ti1 Pd1 Hf1,AlTiZrPdHfTa,SS,SS,-8.140525027178146,45.11378614890396,93.16869653999736
541,Al1 Ta1 Zr1 Ti1 Nb1 Hf1,AlTiZrNbHfTa,SS,SS,-11.377640304509782,50.872012371393375,81.73314501458472
542,Al1 Ta1 Zr1 Mo1 V1 Pd1,AlVZrMoPdTa,SS,SS,-2.6281841943345277,36.0888404009227,87.03125581519195
543,Al1 Ta1 Zr1 Mo1 V1 Nb1,AlVZrNbMoTa,SS,SS,-5.944945681137638,40.89503376409001,81.55769676085274
544,Al1 Ta1 Zr1 Mo1 V1 Hf1,AlVZrMoHfTa,SS,SS,-7.245234602456271,44.12855793777889,83.62536857374182
545,Al1 Ta1 Zr1 Mo1 Pd1 Nb1,AlZrNbMoPdTa,SS,SS+IM,-2.282067624888722,35.58522009336662,88.87581079836569
546,Al1 Ta1 Zr1 Mo1 Pd1 Hf1,AlZrMoPdHfTa,SS,SS,-2.3453763672499433,35.37968249214965,93.3712870697421
547,Al1 Ta1 Zr1 Mo1 Nb1 Hf1,AlZrNbMoHfTa,SS,SS,-7.139528402614952,46.43130296007545,84.94360101949756
548,Al1 Ta1 Zr1 V1 Pd1 Nb1,AlVZrNbPdTa,SS,SS,-5.602067695565901,44.18158670244915,94.235734882347
549,Al1 Ta1 Zr1 V1 Pd1 Hf1,AlVZrPdHfTa,SS,SS,-6.641340422934615,44.77556455844542,96.10449560008028
550,Al1 Ta1 Zr1 V1 Nb1 Hf1,AlVZrNbHfTa,SS,SS,-9.350090170105728,49.862180959478266,83.20834789593023
551,Al1 Ta1 Zr1 Pd1 Nb1 Hf1,AlZrNbPdHfTa,SS,SS,-6.488140549966803,43.80403638404277,96.6060092144522
552,Al1 Ta1 Ti1 Mo1 V1 Pd1,AlTiVMoPdTa,SS,SS,-4.665782568219233,37.655660223166876,85.47068851803233
553,Al1 Ta1 Ti1 Mo1 V1 Nb1,AlTiVNbMoTa,SS,SS,-4.5992497655364755,38.55712633374794,78.86698528936373
554,Al1 Ta1 Ti1 Mo1 V1 Hf1,AlTiVMoHfTa,SS,SS,-7.161813506005123,44.42205484579073,82.7105116646658
555,Al1 Ta1 Ti1 Mo1 Pd1 Nb1,AlTiNbMoPdTa,SS,SS,-3.264531829460926,36.12522262819534,85.67337607871418
556,Al1 Ta1 Ti1 Mo1 Pd1 Hf1,AlTiMoPdHfTa,SS,SS,-2.356252874298049,35.28987903331875,90.17268630229773
557,Al1 Ta1 Ti1 Mo1 Nb1 Hf1,AlTiNbMoHfTa,SS,SS,-6.88548051317217,44.443485057291845,83.79638240347691
558,Al1 Ta1 Ti1 V1 Pd1 Nb1,AlTiVNbPdTa,SS,SS,-5.8250430053579345,43.06314809360199,93.41108442301328
559,Al1 Ta1 Ti1 V1 Pd1 Hf1,AlTiVPdHfTa,SS,SS,-7.708084094956264,48.41211524603886,94.17893189456571
560,Al1 Ta1 Ti1 V1 Nb1 Hf1,AlTiVNbHfTa,SS,SS,-8.593978198231795,48.04286666301315,83.99094897999596
561,Al1 Ta1 Ti1 Pd1 Nb1 Hf1,AlTiNbPdHfTa,SS,SS,-7.552242057621099,48.632081182050925,94.91263292382192
562,Al1 Ta1 Mo1 V1 Pd1 Nb1,AlVNbMoPdTa,SS,SS,-4.215302227822314,39.053995227497275,86.43325462908113
563,Al1 Ta1 Mo1 V1 Pd1 Hf1,AlVMoPdHfTa,SS,SS,-2.441171296926083,35.171977779451225,86.90633197329996
564,Al1 Ta1 Mo1 V1 Nb1 Hf1,AlVNbMoHfTa,SS,SS,-6.425762166614498,42.685806431062765,80.28552908494412
565,Al1 Ta1 Mo1 Pd1 Nb1 Hf1,AlNbMoPdHfTa,SS,SS,-1.8031422173116036,34.301281738158565,86.90272098113233
566,Al1 Ta1 V1 Pd1 Nb1 Hf1,AlVNbPdHfTa,SS,SS,-5.2876962729166515,43.70200619646842,94.16250226989719
567,Al1 Zr1 Ti1 Mo1 V1 Pd1,AlTiVZrMoPd,SS+IM,SS,-2.9755980425848993,34.320093131162906,86.40674742476115
568,Al1 Zr1 Ti1 Mo1 V1 Nb1,AlTiVZrNbMo,SS,SS,-5.252038162367373,39.96010508984009,84.11108417277617
569,Al1 Zr1 Ti1 Mo1 V1 Hf1,AlTiVZrMoHf,SS,SS,-9.560472039811332,46.81077067396823,83.75791640834667
570,Al1 Zr1 Ti1 Mo1 Pd1 Nb1,AlTiZrNbMoPd,SS,IM,-3.1571373433212555,34.20119153811803,88.227694344904
571,Al1 Zr1 Ti1 Mo1 Pd1 Hf1,AlTiZrMoPdHf,SS,SS,-5.0835681438376445,39.08668136023904,92.60555888618507
572,Al1 Zr1 Ti1 Mo1 Nb1 Hf1,AlTiZrNbMoHf,SS,SS,-9.766462689267607,48.86029183665717,84.90122297771086
573,Al1 Zr1 Ti1 V1 Pd1 Nb1,AlTiVZrNbPd,SS+IM,IM,-6.2012422678001595,42.05373881660359,90.47516709981976
574,Al1 Zr1 Ti1 V1 Pd1 Hf1,AlTiVZrPdHf,SS,SS,-9.278331876062289,47.62185980444025,93.06268156515058
575,Al1 Zr1 Ti1 V1 Nb1 Hf1,AlTiVZrNbHf,SS,SS,-11.256799375349102,50.92316770407446,82.78080153445163
576,Al1 Zr1 Ti1 Pd1 Nb1 Hf1,AlTiZrNbPdHf,SS,SS,-8.794614471783394,46.22209362128798,93.17526364736621
577,Al1 Zr1 Mo1 V1 Pd1 Nb1,AlVZrNbMoPd,SS,IM,-2.86698526765762,33.60662552663734,86.62117069675529
578,Al1 Zr1 Mo1 V1 Pd1 Hf1,AlVZrMoPdHf,SS,SS,-3.107411910554691,36.738272951823745,93.62571701160725
579,Al1 Zr1 Mo1 V1 Nb1 Hf1,AlVZrNbMoHf,SS,SS,-7.867251707027549,46.29218383931338,85.99108733016328
580,Al1 Zr1 Mo1 Pd1 Nb1 Hf1,AlZrNbMoPdHf,SS,SS,-2.7149076025572043,36.422203957557166,94.70168786790308
581,Al1 Zr1 V1 Pd1 Nb1 Hf1,AlVZrNbPdHf,SS,SS,-7.363594446631213,46.42385050756596,98.06236875071752
582,Al1 Ti1 Mo1 V1 Pd1 Nb1,AlTiVNbMoPd,SS,SS,-3.4513282631563604,36.48979816635222,82.52749434266347
583,Al1 Ti1 Mo1 V1 Pd1 Hf1,AlTiVMoPdHf,SS,SS,-4.347284736075489,37.10546135872428,92.4509430732044
584,Al1 Ti1 Mo1 V1 Nb1 Hf1,AlTiVNbMoHf,SS,SS,-5.515186943386049,40.082281485055056,83.60331769815897
585,Al1 Ti1 Mo1 Pd1 Nb1 Hf1,AlTiNbMoPdHf,SS,SS,-2.940505499911201,36.53230821378263,92.57157073547604
586,Al1 Ti1 V1 Pd1 Nb1 Hf1,AlTiVNbPdHf,SS,SS,-5.938120163849983,44.98333022970269,95.33105486954541
587,Al1 Mo1 V1 Pd1 Nb1 Hf1,AlVNbMoPdHf,SS,SS,-2.751383715284809,35.9476872414511,87.51391393787816
588,Cr1 Ta1 Zr1 Ti1 Mo1 V1,TiVCrZrMoTa,SS,SS+IM,-5.132523442477983,43.90455868021664,89.04162780087111
589,Cr1 Ta1 Zr1 Ti1 Mo1 Pd1,TiCrZrMoPdTa,SS,SS,-2.9501988368969427,36.12421552794734,100.38873090056336
590,Cr1 Ta1 Zr1 Ti1 Mo1 Nb1,TiCrZrNbMoTa,SS+IM,SS+IM,-7.5594683614215725,46.38700998416957,90.16881217751383
591,Cr1 Ta1 Zr1 Ti1 Mo1 Hf1,TiCrZrMoHfTa,SS,SS+IM,-8.699188635000993,51.03661930461168,90.56567106670529
592,Cr1 Ta1 Zr1 Ti1 V1 Pd1,TiVCrZrPdTa,SS,SS,-5.737969452129082,43.52206400510169,102.82157258220074
593,Cr1 Ta1 Zr1 Ti1 V1 Nb1,TiVCrZrNbTa,SS,SS+IM,-9.186141484983725,54.760700661097864,86.8536172460399
594,Cr1 Ta1 Zr1 Ti1 V1 Hf1,TiVCrZrHfTa,SS,SS,-12.412936847026472,56.916381700145664,85.55553539710995
595,Cr1 Ta1 Zr1 Ti1 Pd1 Nb1,TiCrZrNbPdTa,SS,SS+IM,-7.30654224108848,45.60582279517792,102.45855284818583
596,Cr1 Ta1 Zr1 Ti1 Pd1 Hf1,TiCrZrPdHfTa,SS,SS,-8.246182937554499,45.35625230382503,98.8243711917731
597,Cr1 Ta1 Zr1 Ti1 Nb1 Hf1,TiCrZrNbHfTa,SS,SS+IM,-11.655282297084815,55.79121317273033,84.92439347356084
598,Cr1 Ta1 Zr1 Mo1 V1 Pd1,VCrZrMoPdTa,SS,SS,-3.923037009270555,36.02271019978142,93.80970004872546
599,Cr1 Ta1 Zr1 Mo1 V1 Nb1,VCrZrNbMoTa,SS+IM,SS,-4.624197864255256,40.777925998094254,90.60731114180122
600,Cr1 Ta1 Zr1 Mo1 V1 Hf1,VCrZrMoHfTa,SS,SS,-6.665560048139126,44.57047966387037,88.4018779958602
601,Cr1 Ta1 Zr1 Mo1 Pd1 Nb1,CrZrNbMoPdTa,SS+IM,SS,-2.4342485863537937,34.55611614653877,92.91873782825165
602,Cr1 Ta1 Zr1 Mo1 Pd1 Hf1,CrZrMoPdHfTa,SS,SS,-2.3974030738000076,34.680047666531536,100.04829867135587
603,Cr1 Ta1 Zr1 Mo1 Nb1 Hf1,CrZrNbMoHfTa,SS+IM,SS+IM,-7.628648479140925,46.31128573809318,90.27107703415908
604,Cr1 Ta1 Zr1 V1 Pd1 Nb1,VCrZrNbPdTa,SS,SS,-4.900046863932978,43.07326208850146,102.77059552195172
605,Cr1 Ta1 Zr1 V1 Pd1 Hf1,VCrZrPdHfTa,SS,SS,-7.2547248663255814,45.330020945917596,101.66523177059449
606,Cr1 Ta1 Zr1 V1 Nb1 Hf1,VCrZrNbHfTa,SS,SS+IM,-9.871127508752618,53.81258245053213,87.79755700518669
607,Cr1 Ta1 Zr1 Pd1 Nb1 Hf1,CrZrNbPdHfTa,SS,SS,-6.67317907662702,44.83722914920284,102.5857198153361
608,Cr1 Ta1 Ti1 Mo1 V1 Pd1,TiVCrMoPdTa,SS,SS,-3.725185679102533,37.65891214562323,93.47926428975563
609,Cr1 Ta1 Ti1 Mo1 V1 Nb1,TiVCrNbMoTa,SS,SS+IM,-5.192457014728071,41.72135344408812,89.74397442661311
610,Cr1 Ta1 Ti1 Mo1 V1 Hf1,TiVCrMoHfTa,SS,SS,-6.298830904466243,43.33209007536531,89.45695435426667
611,Cr1 Ta1 Ti1 Mo1 Pd1 Nb1,TiCrNbMoPdTa,SS+IM,SS,-4.429161110242457,36.530491594729675,92.55619726180652
612,Cr1 Ta1 Ti1 Mo1 Pd1 Hf1,TiCrMoPdHfTa,SS,SS,-3.9551857630949816,35.44092267949592,99.34019817844803
613,Cr1 Ta1 Ti1 Mo1 Nb1 Hf1,TiCrNbMoHfTa,SS+IM,SS+IM,-7.16196522328917,46.3023779399119,90.26166378986305
614,Cr1 Ta1 Ti1 V1 Pd1 Nb1,TiVCrNbPdTa,SS,SS,-5.006535963467769,43.28905327793215,103.06694782471887
615,Cr1 Ta1 Ti1 V1 Pd1 Hf1,TiVCrPdHfTa,SS,SS,-6.393930019233374,43.10148127231181,101.543124303728
616,Cr1 Ta1 Ti1 V1 Nb1 Hf1,TiVCrNbHfTa,SS,SS+IM,-8.621347193697451,53.86162420377481,89.11246306725118
617,Cr1 Ta1 Ti1 Pd1 Nb1 Hf1,TiCrNbPdHfTa,SS,SS,-7.903084503477226,47.49475629803045,102.07785944617989
618,Cr1 Ta1 Mo1 V1 Pd1 Nb1,VCrNbMoPdTa,SS+IM,SS,-3.984047085529612,38.08983229471395,89.6293731656984
619,Cr1 Ta1 Mo1 V1 Pd1 Hf1,VCrMoPdHfTa,SS,SS,-4.353351166686774,36.3359814661447,93.18843448935556
620,Cr1 Ta1 Mo1 V1 Nb1 Hf1,VCrNbMoHfTa,SS,SS,-5.435292014817919,42.786956773338886,91.99801431023099
621,Cr1 Ta1 Mo1 Pd1 Nb1 Hf1,CrNbMoPdHfTa,SS+IM,SS,-2.9087335692843346,35.69334853170032,92.53927410538563
622,Cr1 Ta1 V1 Pd1 Nb1 Hf1,VCrNbPdHfTa,SS,SS,-5.387864676538718,42.51127926732907,102.87208020227229
623,Cr1 Zr1 Ti1 Mo1 V1 Pd1,TiVCrZrMoPd,SS+IM,SS,-3.992998390699781,37.308635095378946,103.33007173706646
624,Cr1 Zr1 Ti1 Mo1 V1 Nb1,TiVCrZrNbMo,SS+IM,SS+IM,-5.037974209900582,42.68855249571159,91.84928601264856
625,Cr1 Zr1 Ti1 Mo1 V1 Hf1,TiVCrZrMoHf,SS,SS+IM,-10.49546488890187,53.76195170993012,93.0300170747953
626,Cr1 Zr1 Ti1 Mo1 Pd1 Nb1,TiCrZrNbMoPd,SS+IM,SS+IM,-2.6124222171345384,35.46007871361171,101.3102921230707
627,Cr1 Zr1 Ti1 Mo1 Pd1 Hf1,TiCrZrMoPdHf,SS,SS,-5.379137824009806,39.988156205762856,106.69198926717172
628,Cr1 Zr1 Ti1 Mo1 Nb1 Hf1,TiCrZrNbMoHf,SS+IM,SS+IM,-10.505641734162312,52.82838646225099,93.0278704472043
629,Cr1 Zr1 Ti1 V1 Pd1 Nb1,TiVCrZrNbPd,SS+IM,IM,-5.627804449940072,42.83801990110727,104.61224813803506
630,Cr1 Zr1 Ti1 V1 Pd1 Hf1,TiVCrZrPdHf,SS,SS,-10.12384978201656,49.39987898952958,107.07087666418329
631,Cr1 Zr1 Ti1 V1 Nb1 Hf1,TiVCrZrNbHf,SS,SS+IM,-13.4957306355535,59.39677658650322,88.57366773690364
632,Cr1 Zr1 Ti1 Pd1 Nb1 Hf1,TiCrZrNbPdHf,SS,SS,-9.786135486480868,49.01278948600712,105.35755126717923
633,Cr1 Zr1 Mo1 V1 Pd1 Nb1,VCrZrNbMoPd,SS+IM,SS,-3.293655274099419,35.8257206911814,99.23779963226094
634,Cr1 Zr1 Mo1 V1 Pd1 Hf1,VCrZrMoPdHf,SS,SS,-3.0810625290711675,37.35425541887997,106.6908552607332
635,Cr1 Zr1 Mo1 V1 Nb1 Hf1,VCrZrNbMoHf,SS+IM,SS,-8.761312375387208,49.57471981580755,94.54371897908077
636,Cr1 Zr1 Mo1 Pd1 Nb1 Hf1,CrZrNbMoPdHf,SS+IM,SS,-2.5751497614849415,36.551047224951354,103.9433127489086
637,Cr1 Zr1 V1 Pd1 Nb1 Hf1,VCrZrNbPdHf,SS,SS,-8.051528498741536,48.13281909391272,109.01418353769155
638,Cr1 Ti1 Mo1 V1 Pd1 Nb1,TiVCrNbMoPd,SS+IM,SS,-3.294229056662673,37.49169004634016,97.24790495236518
639,Cr1 Ti1 Mo1 V1 Pd1 Hf1,TiVCrMoPdHf,SS,SS,-4.535749353115999,39.433631682484844,104.22416948574255
640,Cr1 Ti1 Mo1 V1 Nb1 Hf1,TiVCrNbMoHf,SS+IM,SS,-5.427527440645741,43.089224246045795,91.20017512070653
641,Cr1 Ti1 Mo1 Pd1 Nb1 Hf1,TiCrNbMoPdHf,SS+IM,SS,-3.9152474759006055,37.010531069609115,104.0624097990844
642,Cr1 Ti1 V1 Pd1 Nb1 Hf1,TiVCrNbPdHf,SS,SS,-5.57207744605903,45.51758022202884,109.06367465425473
643,Cr1 Mo1 V1 Pd1 Nb1 Hf1,VCrNbMoPdHf,SS+IM,SS,-4.112487187956242,37.777878291373895,97.77698946377564
644,Ta1 Zr1 Ti1 Mo1 V1 Pd1,TiVZrMoPdTa,SS,SS,-3.2128490826420486,36.81347889340888,99.746830222924
645,Ta1 Zr1 Ti1 Mo1 V1 Nb1,TiVZrNbMoTa,SS,SS,-8.055657898625354,51.52572239948971,90.62673684673688
646,Ta1 Zr1 Ti1 Mo1 V1 Hf1,TiVZrMoHfTa,SS,SS,-9.852975590698783,53.934475894819805,88.16002283153533
647,Ta1 Zr1 Ti1 Mo1 Pd1 Nb1,TiZrNbMoPdTa,SS,SS+IM,-2.7815621797832244,37.0435343338754,99.83147725493367
648,Ta1 Zr1 Ti1 Mo1 Pd1 Hf1,TiZrMoPdHfTa,SS,SS,-4.634907719527857,37.75198772693029,99.40012091580002
649,Ta1 Zr1 Ti1 Mo1 Nb1 Hf1,TiZrNbMoHfTa,SS,SS,-9.855622752365138,54.13270561114675,89.34787257416765
650,Ta1 Zr1 Ti1 V1 Pd1 Nb1,TiVZrNbPdTa,SS,SS,-8.646023853262939,47.60410925338167,97.31605093889286
651,Ta1 Zr1 Ti1 V1 Pd1 Hf1,TiVZrPdHfTa,SS,SS,-8.668900129954363,45.248437631839394,90.63912920233301
652,Ta1 Zr1 Ti1 V1 Nb1 Hf1,TiVZrNbHfTa,SS,SS,-12.86409831784455,59.62792230387636,85.92000327057671
653,Ta1 Zr1 Ti1 Pd1 Nb1 Hf1,TiZrNbPdHfTa,SS,SS,-8.842998192977864,46.108240007577066,92.86543883468902
654,Ta1 Zr1 Mo1 V1 Pd1 Nb1,VZrNbMoPdTa,SS,SS,-2.286423121474622,35.50602649687611,97.63679207652463
655,Ta1 Zr1 Mo1 V1 Pd1 Hf1,VZrMoPdHfTa,SS,SS,-2.8262689383797235,36.15383351770134,99.40191167180123
656,Ta1 Zr1 Mo1 V1 Nb1 Hf1,VZrNbMoHfTa,SS,SS,-7.963037240154568,51.20115905004085,91.55176489403834
657,Ta1 Zr1 Mo1 Pd1 Nb1 Hf1,ZrNbMoPdHfTa,SS,SS,-2.8208881938407075,38.10316683573389,99.4293088175127
658,Ta1 Zr1 V1 Pd1 Nb1 Hf1,VZrNbPdHfTa,SS,SS,-7.177466241394391,43.83797257780741,97.32428872941738
659,Ta1 Ti1 Mo1 V1 Pd1 Nb1,TiVNbMoPdTa,SS,SS,-4.3294023032286875,37.39369286385136,97.34149665331351
660,Ta1 Ti1 Mo1 V1 Pd1 Hf1,TiVMoPdHfTa,SS,SS,-2.83617277889021,35.47966688364537,98.8966128726408
661,Ta1 Ti1 Mo1 V1 Nb1 Hf1,TiVNbMoHfTa,SS,SS,-7.670262843761072,51.3117172715698,90.99599606705156
662,Ta1 Ti1 Mo1 Pd1 Nb1 Hf1,TiNbMoPdHfTa,SS,SS,-2.4392451023337816,35.526094178564605,98.9703533091382
663,Ta1 Ti1 V1 Pd1 Nb1 Hf1,TiVNbPdHfTa,SS,SS,-8.349750349275464,46.66496206781777,98.00766321059743
664,Ta1 Mo1 V1 Pd1 Nb1 Hf1,VNbMoPdHfTa,SS,SS,-2.530079625109079,36.302189978610116,97.8102721204889
665,Zr1 Ti1 Mo1 V1 Pd1 Nb1,TiVZrNbMoPd,SS,SS,-3.306661615893734,36.58979762224171,101.00495418087685
666,Zr1 Ti1 Mo1 V1 Pd1 Hf1,TiVZrMoPdHf,SS,SS,-5.420172217031478,39.811211850353786,104.9938061134397
667,Zr1 Ti1 Mo1 V1 Nb1 Hf1,TiVZrNbMoHf,SS,SS,-11.443575559008305,54.4891287211741,90.43823190132963
668,Zr1 Ti1 Mo1 Pd1 Nb1 Hf1,TiZrNbMoPdHf,SS,SS,-4.501666958326735,39.29110847950665,102.70024119415775
669,Zr1 Ti1 V1 Pd1 Nb1 Hf1,TiVZrNbPdHf,SS,SS,-10.047116469306658,48.289755525883656,96.7417301802142
670,Zr1 Mo1 V1 Pd1 Nb1 Hf1,VZrNbMoPdHf,SS,SS,-3.206858755348785,38.542742561954455,104.50768776705216
671,Ti1 Mo1 V1 Pd1 Nb1 Hf1,TiVNbMoPdHf,SS,SS,-3.2001312833899993,37.6541724381086,103.7464120312753
